date,stress,deepPercentage,awakeCount,lightPercentage,overall,remPercentage,restlessness,totalDuration
2026-05-24,"{'qualifierKey': 'EXCELLENT', 'optimalStart': 0.0, 'optimalEnd': 15.0}","{'value': 18, 'qualifierKey': 'EXCELLENT', 'optimalStart': 16.0, 'optimalEnd': 33.0, 'idealStartInSeconds': 4512.0, 'idealEndInSeconds': 9306.0}","{'qualifierKey': 'GOOD', 'optimalStart': 0.0, 'optimalEnd': 1.0}","{'value': 55, 'qualifierKey': 'EXCELLENT', 'optimalStart': 30.0, 'optimalEnd': 64.0, 'idealStartInSeconds': 8460.0, 'idealEndInSeconds': 18048.0}","{'value': 95, 'qualifierKey': 'EXCELLENT'}","{'value': 27, 'qualifierKey': 'EXCELLENT', 'optimalStart': 21.0, 'optimalEnd': 31.0, 'idealStartInSeconds': 5922.0, 'idealEndInSeconds': 8742.0}","{'qualifierKey': 'EXCELLENT', 'optimalStart': 0.0, 'optimalEnd': 5.0}","{'qualifierKey': 'EXCELLENT', 'optimalStart': 28200.0, 'optimalEnd': 28200.0}"
2026-05-25,"{'qualifierKey': 'EXCELLENT', 'optimalStart': 0.0, 'optimalEnd': 15.0}","{'value': 24, 'qualifierKey': 'EXCELLENT', 'optimalStart': 16.0, 'optimalEnd': 33.0, 'idealStartInSeconds': 4492.8, 'idealEndInSeconds': 9266.4}","{'qualifierKey': 'EXCELLENT', 'optimalStart': 0.0, 'optimalEnd': 1.0}","{'value': 53, 'qualifierKey': 'EXCELLENT', 'optimalStart': 30.0, 'optimalEnd': 64.0, 'idealStartInSeconds': 8424.0, 'idealEndInSeconds': 17971.2}","{'value': 99, 'qualifierKey': 'EXCELLENT'}","{'value': 23, 'qualifierKey': 'EXCELLENT', 'optimalStart': 21.0, 'optimalEnd': 31.0, 'idealStartInSeconds': 5896.8, 'idealEndInSeconds': 8704.8}","{'qualifierKey': 'EXCELLENT', 'optimalStart': 0.0, 'optimalEnd': 5.0}","{'qualifierKey': 'EXCELLENT', 'optimalStart': 28200.0, 'optimalEnd': 28200.0}"
2026-05-26,"{'qualifierKey': 'FAIR', 'optimalStart': 0.0, 'optimalEnd': 15.0}","{'value': 15, 'qualifierKey': 'FAIR', 'optimalStart': 16.0, 'optimalEnd': 33.0, 'idealStartInSeconds': 4752.0, 'idealEndInSeconds': 9801.0}","{'qualifierKey': 'EXCELLENT', 'optimalStart': 0.0, 'optimalEnd': 1.0}","{'value': 59, 'qualifierKey': 'GOOD', 'optimalStart': 30.0, 'optimalEnd': 64.0, 'idealStartInSeconds': 8910.0, 'idealEndInSeconds': 19008.0}","{'value': 88, 'qualifierKey': 'GOOD'}","{'value': 26, 'qualifierKey': 'EXCELLENT', 'optimalStart': 21.0, 'optimalEnd': 31.0, 'idealStartInSeconds': 6237.0, 'idealEndInSeconds': 9207.0}","{'qualifierKey': 'EXCELLENT', 'optimalStart': 0.0, 'optimalEnd': 5.0}","{'qualifierKey': 'EXCELLENT', 'optimalStart': 28200.0, 'optimalEnd': 28200.0}"
2026-05-27,"{'qualifierKey': 'EXCELLENT', 'optimalStart': 0.0, 'optimalEnd': 15.0}","{'value': 23, 'qualifierKey': 'EXCELLENT', 'optimalStart': 16.0, 'optimalEnd': 33.0, 'idealStartInSeconds': 4627.2, 'idealEndInSeconds': 9543.6}","{'qualifierKey': 'EXCELLENT', 'optimalStart': 0.0, 'optimalEnd': 1.0}","{'value': 40, 'qualifierKey': 'EXCELLENT', 'optimalStart': 30.0, 'optimalEnd': 64.0, 'idealStartInSeconds': 8676.0, 'idealEndInSeconds': 18508.8}","{'value': 93, 'qualifierKey': 'EXCELLENT'}","{'value': 37, 'qualifierKey': 'FAIR', 'optimalStart': 21.0, 'optimalEnd': 31.0, 'idealStartInSeconds': 6073.2, 'idealEndInSeconds': 8965.2}","{'qualifierKey': 'EXCELLENT', 'optimalStart': 0.0, 'optimalEnd': 5.0}","{'qualifierKey': 'EXCELLENT', 'optimalStart': 28200.0, 'optimalEnd': 28200.0}"
2026-05-28,"{'qualifierKey': 'GOOD', 'optimalStart': 0.0, 'optimalEnd': 15.0}","{'value': 21, 'qualifierKey': 'EXCELLENT', 'optimalStart': 16.0, 'optimalEnd': 33.0, 'idealStartInSeconds': 4473.6, 'idealEndInSeconds': 9226.8}","{'qualifierKey': 'FAIR', 'optimalStart': 0.0, 'optimalEnd': 1.0}","{'value': 58, 'qualifierKey': 'EXCELLENT', 'optimalStart': 30.0, 'optimalEnd': 64.0, 'idealStartInSeconds': 8388.0, 'idealEndInSeconds': 17894.4}","{'value': 86, 'qualifierKey': 'GOOD'}","{'value': 22, 'qualifierKey': 'GOOD', 'optimalStart': 21.0, 'optimalEnd': 31.0, 'idealStartInSeconds': 5871.6, 'idealEndInSeconds': 8667.6}","{'qualifierKey': 'FAIR', 'optimalStart': 0.0, 'optimalEnd': 5.0}","{'qualifierKey': 'EXCELLENT', 'optimalStart': 28200.0, 'optimalEnd': 28200.0}"
2026-05-29,"{'qualifierKey': 'EXCELLENT', 'optimalStart': 0.0, 'optimalEnd': 15.0}","{'value': 22, 'qualifierKey': 'EXCELLENT', 'optimalStart': 16.0, 'optimalEnd': 33.0, 'idealStartInSeconds': 4684.8, 'idealEndInSeconds': 9662.4}","{'qualifierKey': 'EXCELLENT', 'optimalStart': 0.0, 'optimalEnd': 1.0}","{'value': 41, 'qualifierKey': 'EXCELLENT', 'optimalStart': 30.0, 'optimalEnd': 64.0, 'idealStartInSeconds': 8784.0, 'idealEndInSeconds': 18739.2}","{'value': 91, 'qualifierKey': 'EXCELLENT'}","{'value': 38, 'qualifierKey': 'FAIR', 'optimalStart': 21.0, 'optimalEnd': 31.0, 'idealStartInSeconds': 6148.8, 'idealEndInSeconds': 9076.8}","{'qualifierKey': 'EXCELLENT', 'optimalStart': 0.0, 'optimalEnd': 5.0}","{'qualifierKey': 'EXCELLENT', 'optimalStart': 28200.0, 'optimalEnd': 28200.0}"
2026-05-30,"{'qualifierKey': 'EXCELLENT', 'optimalStart': 0.0, 'optimalEnd': 15.0}","{'value': 30, 'qualifierKey': 'EXCELLENT', 'optimalStart': 16.0, 'optimalEnd': 33.0, 'idealStartInSeconds': 3657.6, 'idealEndInSeconds': 7543.8}","{'qualifierKey': 'EXCELLENT', 'optimalStart': 0.0, 'optimalEnd': 1.0}","{'value': 41, 'qualifierKey': 'EXCELLENT', 'optimalStart': 30.0, 'optimalEnd': 64.0, 'idealStartInSeconds': 6858.0, 'idealEndInSeconds': 14630.4}","{'value': 83, 'qualifierKey': 'GOOD'}","{'value': 29, 'qualifierKey': 'EXCELLENT', 'optimalStart': 21.0, 'optimalEnd': 31.0, 'idealStartInSeconds': 4800.6, 'idealEndInSeconds': 7086.6}","{'qualifierKey': 'EXCELLENT', 'optimalStart': 0.0, 'optimalEnd': 5.0}","{'qualifierKey': 'FAIR', 'optimalStart': 28200.0, 'optimalEnd': 28200.0}"
2026-05-31,"{'qualifierKey': 'EXCELLENT', 'optimalStart': 0.0, 'optimalEnd': 15.0}","{'value': 27, 'qualifierKey': 'EXCELLENT', 'optimalStart': 16.0, 'optimalEnd': 33.0, 'idealStartInSeconds': 4464.0, 'idealEndInSeconds': 9207.0}","{'qualifierKey': 'EXCELLENT', 'optimalStart': 0.0, 'optimalEnd': 1.0}","{'value': 48, 'qualifierKey': 'EXCELLENT', 'optimalStart': 30.0, 'optimalEnd': 64.0, 'idealStartInSeconds': 8370.0, 'idealEndInSeconds': 17856.0}","{'value': 100, 'qualifierKey': 'EXCELLENT'}","{'value': 26, 'qualifierKey': 'EXCELLENT', 'optimalStart': 21.0, 'optimalEnd': 31.0, 'idealStartInSeconds': 5859.0, 'idealEndInSeconds': 8649.0}","{'qualifierKey': 'EXCELLENT', 'optimalStart': 0.0, 'optimalEnd': 5.0}","{'qualifierKey': 'EXCELLENT', 'optimalStart': 28200.0, 'optimalEnd': 28200.0}"
2026-06-01,"{'qualifierKey': 'EXCELLENT', 'optimalStart': 0.0, 'optimalEnd': 15.0}","{'value': 20, 'qualifierKey': 'EXCELLENT', 'optimalStart': 16.0, 'optimalEnd': 33.0, 'idealStartInSeconds': 4819.2, 'idealEndInSeconds': 9939.6}","{'qualifierKey': 'EXCELLENT', 'optimalStart': 0.0, 'optimalEnd': 1.0}","{'value': 48, 'qualifierKey': 'EXCELLENT', 'optimalStart': 30.0, 'optimalEnd': 64.0, 'idealStartInSeconds': 9036.0, 'idealEndInSeconds': 19276.8}","{'value': 95, 'qualifierKey': 'EXCELLENT'}","{'value': 32, 'qualifierKey': 'FAIR', 'optimalStart': 21.0, 'optimalEnd': 31.0, 'idealStartInSeconds': 6325.2, 'idealEndInSeconds': 9337.2}","{'qualifierKey': 'EXCELLENT', 'optimalStart': 0.0, 'optimalEnd': 5.0}","{'qualifierKey': 'EXCELLENT', 'optimalStart': 28200.0, 'optimalEnd': 28200.0}"
2026-06-02,"{'qualifierKey': 'GOOD', 'optimalStart': 0.0, 'optimalEnd': 15.0}","{'value': 9, 'qualifierKey': 'FAIR', 'optimalStart': 16.0, 'optimalEnd': 33.0, 'idealStartInSeconds': 4214.4, 'idealEndInSeconds': 8692.2}","{'qualifierKey': 'FAIR', 'optimalStart': 0.0, 'optimalEnd': 1.0}","{'value': 67, 'qualifierKey': 'FAIR', 'optimalStart': 30.0, 'optimalEnd': 64.0, 'idealStartInSeconds': 7902.0, 'idealEndInSeconds': 16857.6}","{'value': 82, 'qualifierKey': 'GOOD'}","{'value': 24, 'qualifierKey': 'EXCELLENT', 'optimalStart': 21.0, 'optimalEnd': 31.0, 'idealStartInSeconds': 5531.4, 'idealEndInSeconds': 8165.4}","{'qualifierKey': 'FAIR', 'optimalStart': 0.0, 'optimalEnd': 5.0}","{'qualifierKey': 'GOOD', 'optimalStart': 28200.0, 'optimalEnd': 28200.0}"
2026-06-03,"{'qualifierKey': 'POOR', 'optimalStart': 0.0, 'optimalEnd': 15.0}","{'value': 17, 'qualifierKey': 'GOOD', 'optimalStart': 16.0, 'optimalEnd': 33.0, 'idealStartInSeconds': 4512.0, 'idealEndInSeconds': 9306.0}","{'qualifierKey': 'POOR', 'optimalStart': 0.0, 'optimalEnd': 1.0}","{'value': 66, 'qualifierKey': 'FAIR', 'optimalStart': 30.0, 'optimalEnd': 64.0, 'idealStartInSeconds': 8460.0, 'idealEndInSeconds': 18048.0}","{'value': 62, 'qualifierKey': 'FAIR'}","{'value': 18, 'qualifierKey': 'FAIR', 'optimalStart': 21.0, 'optimalEnd': 31.0, 'idealStartInSeconds': 5922.0, 'idealEndInSeconds': 8742.0}","{'qualifierKey': 'POOR', 'optimalStart': 0.0, 'optimalEnd': 5.0}","{'qualifierKey': 'EXCELLENT', 'optimalStart': 28200.0, 'optimalEnd': 28200.0}"
2026-06-04,"{'qualifierKey': 'FAIR', 'optimalStart': 0.0, 'optimalEnd': 15.0}","{'value': 12, 'qualifierKey': 'FAIR', 'optimalStart': 16.0, 'optimalEnd': 33.0, 'idealStartInSeconds': 5126.4, 'idealEndInSeconds': 10573.2}","{'qualifierKey': 'EXCELLENT', 'optimalStart': 0.0, 'optimalEnd': 1.0}","{'value': 67, 'qualifierKey': 'FAIR', 'optimalStart': 30.0, 'optimalEnd': 64.0, 'idealStartInSeconds': 9612.0, 'idealEndInSeconds': 20505.6}","{'value': 86, 'qualifierKey': 'GOOD'}","{'value': 21, 'qualifierKey': 'GOOD', 'optimalStart': 21.0, 'optimalEnd': 31.0, 'idealStartInSeconds': 6728.4, 'idealEndInSeconds': 9932.4}","{'qualifierKey': 'EXCELLENT', 'optimalStart': 0.0, 'optimalEnd': 5.0}","{'qualifierKey': 'EXCELLENT', 'optimalStart': 28200.0, 'optimalEnd': 28200.0}"
2026-06-06,"{'qualifierKey': 'FAIR', 'optimalStart': 0.0, 'optimalEnd': 15.0}","{'value': 11, 'qualifierKey': 'FAIR', 'optimalStart': 16.0, 'optimalEnd': 33.0, 'idealStartInSeconds': 5443.2, 'idealEndInSeconds': 11226.6}","{'qualifierKey': 'EXCELLENT', 'optimalStart': 0.0, 'optimalEnd': 1.0}","{'value': 67, 'qualifierKey': 'FAIR', 'optimalStart': 30.0, 'optimalEnd': 64.0, 'idealStartInSeconds': 10206.0, 'idealEndInSeconds': 21772.8}","{'value': 85, 'qualifierKey': 'GOOD'}","{'value': 22, 'qualifierKey': 'GOOD', 'optimalStart': 21.0, 'optimalEnd': 31.0, 'idealStartInSeconds': 7144.2, 'idealEndInSeconds': 10546.2}","{'qualifierKey': 'EXCELLENT', 'optimalStart': 0.0, 'optimalEnd': 5.0}","{'qualifierKey': 'EXCELLENT', 'optimalStart': 28200.0, 'optimalEnd': 28200.0}"
2026-06-07,"{'qualifierKey': 'GOOD', 'optimalStart': 0.0, 'optimalEnd': 15.0}","{'value': 22, 'qualifierKey': 'EXCELLENT', 'optimalStart': 16.0, 'optimalEnd': 33.0, 'idealStartInSeconds': 4118.4, 'idealEndInSeconds': 8494.2}","{'qualifierKey': 'EXCELLENT', 'optimalStart': 0.0, 'optimalEnd': 1.0}","{'value': 52, 'qualifierKey': 'EXCELLENT', 'optimalStart': 30.0, 'optimalEnd': 64.0, 'idealStartInSeconds': 7722.0, 'idealEndInSeconds': 16473.6}","{'value': 89, 'qualifierKey': 'GOOD'}","{'value': 26, 'qualifierKey': 'EXCELLENT', 'optimalStart': 21.0, 'optimalEnd': 31.0, 'idealStartInSeconds': 5405.4, 'idealEndInSeconds': 7979.4}","{'qualifierKey': 'EXCELLENT', 'optimalStart': 0.0, 'optimalEnd': 5.0}","{'qualifierKey': 'GOOD', 'optimalStart': 28200.0, 'optimalEnd': 28200.0}"
2026-06-08,"{'qualifierKey': 'FAIR', 'optimalStart': 0.0, 'optimalEnd': 15.0}","{'value': 24, 'qualifierKey': 'EXCELLENT', 'optimalStart': 16.0, 'optimalEnd': 33.0, 'idealStartInSeconds': 3148.8, 'idealEndInSeconds': 6494.4}","{'qualifierKey': 'EXCELLENT', 'optimalStart': 0.0, 'optimalEnd': 1.0}","{'value': 53, 'qualifierKey': 'EXCELLENT', 'optimalStart': 30.0, 'optimalEnd': 64.0, 'idealStartInSeconds': 5904.0, 'idealEndInSeconds': 12595.2}","{'value': 71, 'qualifierKey': 'FAIR'}","{'value': 23, 'qualifierKey': 'EXCELLENT', 'optimalStart': 21.0, 'optimalEnd': 31.0, 'idealStartInSeconds': 4132.8, 'idealEndInSeconds': 6100.8}","{'qualifierKey': 'EXCELLENT', 'optimalStart': 0.0, 'optimalEnd': 5.0}","{'qualifierKey': 'FAIR', 'optimalStart': 28200.0, 'optimalEnd': 28200.0}"
2026-06-09,"{'qualifierKey': 'FAIR', 'optimalStart': 0.0, 'optimalEnd': 15.0}","{'value': 32, 'qualifierKey': 'EXCELLENT', 'optimalStart': 16.0, 'optimalEnd': 33.0, 'idealStartInSeconds': 2544.0, 'idealEndInSeconds': 5247.0}","{'qualifierKey': 'EXCELLENT', 'optimalStart': 0.0, 'optimalEnd': 1.0}","{'value': 60, 'qualifierKey': 'GOOD', 'optimalStart': 30.0, 'optimalEnd': 64.0, 'idealStartInSeconds': 4770.0, 'idealEndInSeconds': 10176.0}","{'value': 55, 'qualifierKey': 'POOR'}","{'value': 9, 'qualifierKey': 'POOR', 'optimalStart': 21.0, 'optimalEnd': 31.0, 'idealStartInSeconds': 3339.0, 'idealEndInSeconds': 4929.0}","{'qualifierKey': 'EXCELLENT', 'optimalStart': 0.0, 'optimalEnd': 5.0}","{'qualifierKey': 'POOR', 'optimalStart': 28200.0, 'optimalEnd': 28200.0}"
2026-06-10,"{'qualifierKey': 'FAIR', 'optimalStart': 0.0, 'optimalEnd': 15.0}","{'value': 16, 'qualifierKey': 'GOOD', 'optimalStart': 16.0, 'optimalEnd': 33.0, 'idealStartInSeconds': 5116.8, 'idealEndInSeconds': 10553.4}","{'qualifierKey': 'FAIR', 'optimalStart': 0.0, 'optimalEnd': 1.0}","{'value': 61, 'qualifierKey': 'GOOD', 'optimalStart': 30.0, 'optimalEnd': 64.0, 'idealStartInSeconds': 9594.0, 'idealEndInSeconds': 20467.2}","{'value': 82, 'qualifierKey': 'GOOD'}","{'value': 23, 'qualifierKey': 'EXCELLENT', 'optimalStart': 21.0, 'optimalEnd': 31.0, 'idealStartInSeconds': 6715.8, 'idealEndInSeconds': 9913.8}","{'qualifierKey': 'FAIR', 'optimalStart': 0.0, 'optimalEnd': 5.0}","{'qualifierKey': 'EXCELLENT', 'optimalStart': 28200.0, 'optimalEnd': 28200.0}"
2026-06-11,"{'qualifierKey': 'FAIR', 'optimalStart': 0.0, 'optimalEnd': 15.0}","{'value': 13, 'qualifierKey': 'FAIR', 'optimalStart': 16.0, 'optimalEnd': 33.0, 'idealStartInSeconds': 4704.0, 'idealEndInSeconds': 9702.0}","{'qualifierKey': 'EXCELLENT', 'optimalStart': 0.0, 'optimalEnd': 1.0}","{'value': 67, 'qualifierKey': 'FAIR', 'optimalStart': 30.0, 'optimalEnd': 64.0, 'idealStartInSeconds': 8820.0, 'idealEndInSeconds': 18816.0}","{'value': 86, 'qualifierKey': 'GOOD'}","{'value': 20, 'qualifierKey': 'FAIR', 'optimalStart': 21.0, 'optimalEnd': 31.0, 'idealStartInSeconds': 6174.0, 'idealEndInSeconds': 9114.0}","{'qualifierKey': 'EXCELLENT', 'optimalStart': 0.0, 'optimalEnd': 5.0}","{'qualifierKey': 'EXCELLENT', 'optimalStart': 28200.0, 'optimalEnd': 28200.0}"
2026-06-12,"{'qualifierKey': 'GOOD', 'optimalStart': 0.0, 'optimalEnd': 15.0}","{'value': 13, 'qualifierKey': 'FAIR', 'optimalStart': 16.0, 'optimalEnd': 33.0, 'idealStartInSeconds': 4675.2, 'idealEndInSeconds': 9642.6}","{'qualifierKey': 'EXCELLENT', 'optimalStart': 0.0, 'optimalEnd': 1.0}","{'value': 57, 'qualifierKey': 'EXCELLENT', 'optimalStart': 30.0, 'optimalEnd': 64.0, 'idealStartInSeconds': 8766.0, 'idealEndInSeconds': 18700.8}","{'value': 90, 'qualifierKey': 'EXCELLENT'}","{'value': 31, 'qualifierKey': 'GOOD', 'optimalStart': 21.0, 'optimalEnd': 31.0, 'idealStartInSeconds': 6136.2, 'idealEndInSeconds': 9058.2}","{'qualifierKey': 'EXCELLENT', 'optimalStart': 0.0, 'optimalEnd': 5.0}","{'qualifierKey': 'EXCELLENT', 'optimalStart': 28200.0, 'optimalEnd': 28200.0}"
2026-06-13,"{'qualifierKey': 'EXCELLENT', 'optimalStart': 0.0, 'optimalEnd': 15.0}","{'value': 24, 'qualifierKey': 'EXCELLENT', 'optimalStart': 16.0, 'optimalEnd': 33.0, 'idealStartInSeconds': 4790.4, 'idealEndInSeconds': 9880.2}","{'qualifierKey': 'FAIR', 'optimalStart': 0.0, 'optimalEnd': 1.0}","{'value': 53, 'qualifierKey': 'EXCELLENT', 'optimalStart': 30.0, 'optimalEnd': 64.0, 'idealStartInSeconds': 8982.0, 'idealEndInSeconds': 19161.6}","{'value': 93, 'qualifierKey': 'EXCELLENT'}","{'value': 23, 'qualifierKey': 'EXCELLENT', 'optimalStart': 21.0, 'optimalEnd': 31.0, 'idealStartInSeconds': 6287.4, 'idealEndInSeconds': 9281.4}","{'qualifierKey': 'GOOD', 'optimalStart': 0.0, 'optimalEnd': 5.0}","{'qualifierKey': 'EXCELLENT', 'optimalStart': 28200.0, 'optimalEnd': 28200.0}"
2026-06-14,"{'qualifierKey': 'FAIR', 'optimalStart': 0.0, 'optimalEnd': 15.0}","{'value': 12, 'qualifierKey': 'FAIR', 'optimalStart': 16.0, 'optimalEnd': 33.0, 'idealStartInSeconds': 5020.8, 'idealEndInSeconds': 10355.4}","{'qualifierKey': 'GOOD', 'optimalStart': 0.0, 'optimalEnd': 1.0}","{'value': 64, 'qualifierKey': 'GOOD', 'optimalStart': 30.0, 'optimalEnd': 64.0, 'idealStartInSeconds': 9414.0, 'idealEndInSeconds': 20083.2}","{'value': 86, 'qualifierKey': 'GOOD'}","{'value': 24, 'qualifierKey': 'EXCELLENT', 'optimalStart': 21.0, 'optimalEnd': 31.0, 'idealStartInSeconds': 6589.8, 'idealEndInSeconds': 9727.8}","{'qualifierKey': 'GOOD', 'optimalStart': 0.0, 'optimalEnd': 5.0}","{'qualifierKey': 'EXCELLENT', 'optimalStart': 28200.0, 'optimalEnd': 28200.0}"
2026-06-15,"{'qualifierKey': 'FAIR', 'optimalStart': 0.0, 'optimalEnd': 15.0}","{'value': 17, 'qualifierKey': 'GOOD', 'optimalStart': 16.0, 'optimalEnd': 33.0, 'idealStartInSeconds': 4684.8, 'idealEndInSeconds': 9662.4}","{'qualifierKey': 'FAIR', 'optimalStart': 0.0, 'optimalEnd': 1.0}","{'value': 61, 'qualifierKey': 'GOOD', 'optimalStart': 30.0, 'optimalEnd': 64.0, 'idealStartInSeconds': 8784.0, 'idealEndInSeconds': 18739.2}","{'value': 84, 'qualifierKey': 'GOOD'}","{'value': 23, 'qualifierKey': 'EXCELLENT', 'optimalStart': 21.0, 'optimalEnd': 31.0, 'idealStartInSeconds': 6148.8, 'idealEndInSeconds': 9076.8}","{'qualifierKey': 'GOOD', 'optimalStart': 0.0, 'optimalEnd': 5.0}","{'qualifierKey': 'EXCELLENT', 'optimalStart': 28200.0, 'optimalEnd': 28200.0}"
2026-06-16,"{'qualifierKey': 'EXCELLENT', 'optimalStart': 0.0, 'optimalEnd': 15.0}","{'value': 26, 'qualifierKey': 'EXCELLENT', 'optimalStart': 16.0, 'optimalEnd': 33.0, 'idealStartInSeconds': 4771.2, 'idealEndInSeconds': 9840.6}","{'qualifierKey': 'EXCELLENT', 'optimalStart': 0.0, 'optimalEnd': 1.0}","{'value': 48, 'qualifierKey': 'EXCELLENT', 'optimalStart': 30.0, 'optimalEnd': 64.0, 'idealStartInSeconds': 8946.0, 'idealEndInSeconds': 19084.8}","{'value': 96, 'qualifierKey': 'EXCELLENT'}","{'value': 25, 'qualifierKey': 'EXCELLENT', 'optimalStart': 21.0, 'optimalEnd': 31.0, 'idealStartInSeconds': 6262.2, 'idealEndInSeconds': 9244.2}","{'qualifierKey': 'EXCELLENT', 'optimalStart': 0.0, 'optimalEnd': 5.0}","{'qualifierKey': 'EXCELLENT', 'optimalStart': 28200.0, 'optimalEnd': 28200.0}"
2026-06-17,"{'qualifierKey': 'FAIR', 'optimalStart': 0.0, 'optimalEnd': 15.0}","{'value': 14, 'qualifierKey': 'FAIR', 'optimalStart': 16.0, 'optimalEnd': 33.0, 'idealStartInSeconds': 4252.8, 'idealEndInSeconds': 8771.4}","{'qualifierKey': 'FAIR', 'optimalStart': 0.0, 'optimalEnd': 1.0}","{'value': 64, 'qualifierKey': 'GOOD', 'optimalStart': 30.0, 'optimalEnd': 64.0, 'idealStartInSeconds': 7974.0, 'idealEndInSeconds': 17011.2}","{'value': 81, 'qualifierKey': 'GOOD'}","{'value': 22, 'qualifierKey': 'GOOD', 'optimalStart': 21.0, 'optimalEnd': 31.0, 'idealStartInSeconds': 5581.8, 'idealEndInSeconds': 8239.8}","{'qualifierKey': 'GOOD', 'optimalStart': 0.0, 'optimalEnd': 5.0}","{'qualifierKey': 'EXCELLENT', 'optimalStart': 28200.0, 'optimalEnd': 28200.0}"
2026-06-18,"{'qualifierKey': 'GOOD', 'optimalStart': 0.0, 'optimalEnd': 15.0}","{'value': 17, 'qualifierKey': 'GOOD', 'optimalStart': 16.0, 'optimalEnd': 33.0, 'idealStartInSeconds': 5068.8, 'idealEndInSeconds': 10454.4}","{'qualifierKey': 'POOR', 'optimalStart': 0.0, 'optimalEnd': 1.0}","{'value': 61, 'qualifierKey': 'GOOD', 'optimalStart': 30.0, 'optimalEnd': 64.0, 'idealStartInSeconds': 9504.0, 'idealEndInSeconds': 20275.2}","{'value': 75, 'qualifierKey': 'FAIR'}","{'value': 22, 'qualifierKey': 'GOOD', 'optimalStart': 21.0, 'optimalEnd': 31.0, 'idealStartInSeconds': 6652.8, 'idealEndInSeconds': 9820.8}","{'qualifierKey': 'POOR', 'optimalStart': 0.0, 'optimalEnd': 5.0}","{'qualifierKey': 'EXCELLENT', 'optimalStart': 28200.0, 'optimalEnd': 28200.0}"
2026-06-19,"{'qualifierKey': 'EXCELLENT', 'optimalStart': 0.0, 'optimalEnd': 15.0}","{'value': 22, 'qualifierKey': 'EXCELLENT', 'optimalStart': 16.0, 'optimalEnd': 33.0, 'idealStartInSeconds': 5270.4, 'idealEndInSeconds': 10870.2}","{'qualifierKey': 'EXCELLENT', 'optimalStart': 0.0, 'optimalEnd': 1.0}","{'value': 56, 'qualifierKey': 'EXCELLENT', 'optimalStart': 30.0, 'optimalEnd': 64.0, 'idealStartInSeconds': 9882.0, 'idealEndInSeconds': 21081.6}","{'value': 94, 'qualifierKey': 'EXCELLENT'}","{'value': 21, 'qualifierKey': 'GOOD', 'optimalStart': 21.0, 'optimalEnd': 31.0, 'idealStartInSeconds': 6917.4, 'idealEndInSeconds': 10211.4}","{'qualifierKey': 'EXCELLENT', 'optimalStart': 0.0, 'optimalEnd': 5.0}","{'qualifierKey': 'EXCELLENT', 'optimalStart': 28200.0, 'optimalEnd': 28200.0}"
2026-06-20,"{'qualifierKey': 'FAIR', 'optimalStart': 0.0, 'optimalEnd': 15.0}","{'value': 31, 'qualifierKey': 'EXCELLENT', 'optimalStart': 16.0, 'optimalEnd': 33.0, 'idealStartInSeconds': 4128.0, 'idealEndInSeconds': 8514.0}","{'qualifierKey': 'EXCELLENT', 'optimalStart': 0.0, 'optimalEnd': 1.0}","{'value': 39, 'qualifierKey': 'EXCELLENT', 'optimalStart': 30.0, 'optimalEnd': 64.0, 'idealStartInSeconds': 7740.0, 'idealEndInSeconds': 16512.0}","{'value': 86, 'qualifierKey': 'GOOD'}","{'value': 30, 'qualifierKey': 'EXCELLENT', 'optimalStart': 21.0, 'optimalEnd': 31.0, 'idealStartInSeconds': 5418.0, 'idealEndInSeconds': 7998.0}","{'qualifierKey': 'EXCELLENT', 'optimalStart': 0.0, 'optimalEnd': 5.0}","{'qualifierKey': 'GOOD', 'optimalStart': 28200.0, 'optimalEnd': 28200.0}"
2026-06-21,"{'qualifierKey': 'FAIR', 'optimalStart': 0.0, 'optimalEnd': 15.0}","{'value': 11, 'qualifierKey': 'FAIR', 'optimalStart': 16.0, 'optimalEnd': 33.0, 'idealStartInSeconds': 4742.4, 'idealEndInSeconds': 9781.2}","{'qualifierKey': 'EXCELLENT', 'optimalStart': 0.0, 'optimalEnd': 1.0}","{'value': 59, 'qualifierKey': 'EXCELLENT', 'optimalStart': 30.0, 'optimalEnd': 64.0, 'idealStartInSeconds': 8892.0, 'idealEndInSeconds': 18969.6}","{'value': 83, 'qualifierKey': 'GOOD'}","{'value': 30, 'qualifierKey': 'GOOD', 'optimalStart': 21.0, 'optimalEnd': 31.0, 'idealStartInSeconds': 6224.4, 'idealEndInSeconds': 9188.4}","{'qualifierKey': 'EXCELLENT', 'optimalStart': 0.0, 'optimalEnd': 5.0}","{'qualifierKey': 'EXCELLENT', 'optimalStart': 28200.0, 'optimalEnd': 28200.0}"
2026-06-22,"{'qualifierKey': 'FAIR', 'optimalStart': 0.0, 'optimalEnd': 15.0}","{'value': 20, 'qualifierKey': 'EXCELLENT', 'optimalStart': 16.0, 'optimalEnd': 33.0, 'idealStartInSeconds': 3845.28, 'idealEndInSeconds': 7930.89}","{'qualifierKey': 'EXCELLENT', 'optimalStart': 0.0, 'optimalEnd': 1.0}","{'value': 59, 'qualifierKey': 'GOOD', 'optimalStart': 30.0, 'optimalEnd': 64.0, 'idealStartInSeconds': 7209.9, 'idealEndInSeconds': 15381.12}","{'value': 77, 'qualifierKey': 'FAIR'}","{'value': 21, 'qualifierKey': 'GOOD', 'optimalStart': 21.0, 'optimalEnd': 31.0, 'idealStartInSeconds': 5046.93, 'idealEndInSeconds': 7450.23}","{'qualifierKey': 'EXCELLENT', 'optimalStart': 0.0, 'optimalEnd': 5.0}","{'qualifierKey': 'FAIR', 'optimalStart': 28200.0, 'optimalEnd': 28200.0}"
2026-06-23,"{'qualifierKey': 'FAIR', 'optimalStart': 0.0, 'optimalEnd': 15.0}","{'value': 18, 'qualifierKey': 'EXCELLENT', 'optimalStart': 16.0, 'optimalEnd': 33.0, 'idealStartInSeconds': 5049.6, 'idealEndInSeconds': 10414.8}","{'qualifierKey': 'EXCELLENT', 'optimalStart': 0.0, 'optimalEnd': 1.0}","{'value': 53, 'qualifierKey': 'EXCELLENT', 'optimalStart': 30.0, 'optimalEnd': 64.0, 'idealStartInSeconds': 9468.0, 'idealEndInSeconds': 20198.4}","{'value': 89, 'qualifierKey': 'GOOD'}","{'value': 29, 'qualifierKey': 'EXCELLENT', 'optimalStart': 21.0, 'optimalEnd': 31.0, 'idealStartInSeconds': 6627.6, 'idealEndInSeconds': 9783.6}","{'qualifierKey': 'EXCELLENT', 'optimalStart': 0.0, 'optimalEnd': 5.0}","{'qualifierKey': 'EXCELLENT', 'optimalStart': 28200.0, 'optimalEnd': 28200.0}"
2026-06-24,"{'qualifierKey': 'FAIR', 'optimalStart': 0.0, 'optimalEnd': 15.0}","{'value': 26, 'qualifierKey': 'EXCELLENT', 'optimalStart': 16.0, 'optimalEnd': 33.0, 'idealStartInSeconds': 4118.4, 'idealEndInSeconds': 8494.2}","{'qualifierKey': 'GOOD', 'optimalStart': 0.0, 'optimalEnd': 1.0}","{'value': 54, 'qualifierKey': 'EXCELLENT', 'optimalStart': 30.0, 'optimalEnd': 64.0, 'idealStartInSeconds': 7722.0, 'idealEndInSeconds': 16473.6}","{'value': 83, 'qualifierKey': 'GOOD'}","{'value': 21, 'qualifierKey': 'GOOD', 'optimalStart': 21.0, 'optimalEnd': 31.0, 'idealStartInSeconds': 5405.4, 'idealEndInSeconds': 7979.4}","{'qualifierKey': 'EXCELLENT', 'optimalStart': 0.0, 'optimalEnd': 5.0}","{'qualifierKey': 'GOOD', 'optimalStart': 28200.0, 'optimalEnd': 28200.0}"
2026-06-25,"{'qualifierKey': 'EXCELLENT', 'optimalStart': 0.0, 'optimalEnd': 15.0}","{'value': 21, 'qualifierKey': 'EXCELLENT', 'optimalStart': 16.0, 'optimalEnd': 33.0, 'idealStartInSeconds': 4310.4, 'idealEndInSeconds': 8890.2}","{'qualifierKey': 'GOOD', 'optimalStart': 0.0, 'optimalEnd': 1.0}","{'value': 50, 'qualifierKey': 'EXCELLENT', 'optimalStart': 30.0, 'optimalEnd': 64.0, 'idealStartInSeconds': 8082.0, 'idealEndInSeconds': 17241.6}","{'value': 95, 'qualifierKey': 'EXCELLENT'}","{'value': 29, 'qualifierKey': 'EXCELLENT', 'optimalStart': 21.0, 'optimalEnd': 31.0, 'idealStartInSeconds': 5657.4, 'idealEndInSeconds': 8351.4}","{'qualifierKey': 'GOOD', 'optimalStart': 0.0, 'optimalEnd': 5.0}","{'qualifierKey': 'EXCELLENT', 'optimalStart': 28200.0, 'optimalEnd': 28200.0}"
2026-06-26,"{'qualifierKey': 'FAIR', 'optimalStart': 0.0, 'optimalEnd': 15.0}","{'value': 18, 'qualifierKey': 'EXCELLENT', 'optimalStart': 16.0, 'optimalEnd': 33.0, 'idealStartInSeconds': 3628.8, 'idealEndInSeconds': 7484.4}","{'qualifierKey': 'EXCELLENT', 'optimalStart': 0.0, 'optimalEnd': 1.0}","{'value': 51, 'qualifierKey': 'EXCELLENT', 'optimalStart': 30.0, 'optimalEnd': 64.0, 'idealStartInSeconds': 6804.0, 'idealEndInSeconds': 14515.2}","{'value': 77, 'qualifierKey': 'FAIR'}","{'value': 31, 'qualifierKey': 'GOOD', 'optimalStart': 21.0, 'optimalEnd': 31.0, 'idealStartInSeconds': 4762.8, 'idealEndInSeconds': 7030.8}","{'qualifierKey': 'EXCELLENT', 'optimalStart': 0.0, 'optimalEnd': 5.0}","{'qualifierKey': 'FAIR', 'optimalStart': 28200.0, 'optimalEnd': 28200.0}"
2026-06-27,"{'qualifierKey': 'FAIR', 'optimalStart': 0.0, 'optimalEnd': 15.0}","{'value': 25, 'qualifierKey': 'EXCELLENT', 'optimalStart': 16.0, 'optimalEnd': 33.0, 'idealStartInSeconds': 5001.6, 'idealEndInSeconds': 10315.8}","{'qualifierKey': 'FAIR', 'optimalStart': 0.0, 'optimalEnd': 1.0}","{'value': 52, 'qualifierKey': 'EXCELLENT', 'optimalStart': 30.0, 'optimalEnd': 64.0, 'idealStartInSeconds': 9378.0, 'idealEndInSeconds': 20006.4}","{'value': 85, 'qualifierKey': 'GOOD'}","{'value': 23, 'qualifierKey': 'EXCELLENT', 'optimalStart': 21.0, 'optimalEnd': 31.0, 'idealStartInSeconds': 6564.6, 'idealEndInSeconds': 9690.6}","{'qualifierKey': 'FAIR', 'optimalStart': 0.0, 'optimalEnd': 5.0}","{'qualifierKey': 'EXCELLENT', 'optimalStart': 28200.0, 'optimalEnd': 28200.0}"
2026-06-28,"{'qualifierKey': 'FAIR', 'optimalStart': 0.0, 'optimalEnd': 15.0}","{'value': 7, 'qualifierKey': 'FAIR', 'optimalStart': 16.0, 'optimalEnd': 33.0, 'idealStartInSeconds': 4608.0, 'idealEndInSeconds': 9504.0}","{'qualifierKey': 'FAIR', 'optimalStart': 0.0, 'optimalEnd': 1.0}","{'value': 74, 'qualifierKey': 'FAIR', 'optimalStart': 30.0, 'optimalEnd': 64.0, 'idealStartInSeconds': 8640.0, 'idealEndInSeconds': 18432.0}","{'value': 79, 'qualifierKey': 'FAIR'}","{'value': 19, 'qualifierKey': 'FAIR', 'optimalStart': 21.0, 'optimalEnd': 31.0, 'idealStartInSeconds': 6048.0, 'idealEndInSeconds': 8928.0}","{'qualifierKey': 'GOOD', 'optimalStart': 0.0, 'optimalEnd': 5.0}","{'qualifierKey': 'EXCELLENT', 'optimalStart': 28200.0, 'optimalEnd': 28200.0}"
2026-06-29,"{'qualifierKey': 'EXCELLENT', 'optimalStart': 0.0, 'optimalEnd': 15.0}","{'value': 18, 'qualifierKey': 'EXCELLENT', 'optimalStart': 16.0, 'optimalEnd': 33.0, 'idealStartInSeconds': 3667.2, 'idealEndInSeconds': 7563.6}","{'qualifierKey': 'EXCELLENT', 'optimalStart': 0.0, 'optimalEnd': 1.0}","{'value': 66, 'qualifierKey': 'FAIR', 'optimalStart': 30.0, 'optimalEnd': 64.0, 'idealStartInSeconds': 6876.0, 'idealEndInSeconds': 14668.8}","{'value': 78, 'qualifierKey': 'FAIR'}","{'value': 16, 'qualifierKey': 'FAIR', 'optimalStart': 21.0, 'optimalEnd': 31.0, 'idealStartInSeconds': 4813.2, 'idealEndInSeconds': 7105.2}","{'qualifierKey': 'GOOD', 'optimalStart': 0.0, 'optimalEnd': 5.0}","{'qualifierKey': 'FAIR', 'optimalStart': 28200.0, 'optimalEnd': 28200.0}"
2026-06-30,"{'qualifierKey': 'EXCELLENT', 'optimalStart': 0.0, 'optimalEnd': 15.0}","{'value': 22, 'qualifierKey': 'EXCELLENT', 'optimalStart': 16.0, 'optimalEnd': 33.0, 'idealStartInSeconds': 4617.6, 'idealEndInSeconds': 9523.8}","{'qualifierKey': 'EXCELLENT', 'optimalStart': 0.0, 'optimalEnd': 1.0}","{'value': 53, 'qualifierKey': 'EXCELLENT', 'optimalStart': 30.0, 'optimalEnd': 64.0, 'idealStartInSeconds': 8658.0, 'idealEndInSeconds': 18470.4}","{'value': 99, 'qualifierKey': 'EXCELLENT'}","{'value': 25, 'qualifierKey': 'EXCELLENT', 'optimalStart': 21.0, 'optimalEnd': 31.0, 'idealStartInSeconds': 6060.6, 'idealEndInSeconds': 8946.6}","{'qualifierKey': 'EXCELLENT', 'optimalStart': 0.0, 'optimalEnd': 5.0}","{'qualifierKey': 'EXCELLENT', 'optimalStart': 28200.0, 'optimalEnd': 28200.0}"
2026-07-01,"{'qualifierKey': 'EXCELLENT', 'optimalStart': 0.0, 'optimalEnd': 15.0}","{'value': 33, 'qualifierKey': 'EXCELLENT', 'optimalStart': 16.0, 'optimalEnd': 33.0, 'idealStartInSeconds': 3494.4, 'idealEndInSeconds': 7207.2}","{'qualifierKey': 'EXCELLENT', 'optimalStart': 0.0, 'optimalEnd': 1.0}","{'value': 50, 'qualifierKey': 'EXCELLENT', 'optimalStart': 30.0, 'optimalEnd': 64.0, 'idealStartInSeconds': 6552.0, 'idealEndInSeconds': 13977.6}","{'value': 77, 'qualifierKey': 'FAIR'}","{'value': 17, 'qualifierKey': 'FAIR', 'optimalStart': 21.0, 'optimalEnd': 31.0, 'idealStartInSeconds': 4586.4, 'idealEndInSeconds': 6770.4}","{'qualifierKey': 'EXCELLENT', 'optimalStart': 0.0, 'optimalEnd': 5.0}","{'qualifierKey': 'FAIR', 'optimalStart': 28200.0, 'optimalEnd': 28200.0}"
2026-07-02,"{'qualifierKey': 'FAIR', 'optimalStart': 0.0, 'optimalEnd': 15.0}","{'value': 20, 'qualifierKey': 'EXCELLENT', 'optimalStart': 16.0, 'optimalEnd': 33.0, 'idealStartInSeconds': 4416.0, 'idealEndInSeconds': 9108.0}","{'qualifierKey': 'GOOD', 'optimalStart': 0.0, 'optimalEnd': 1.0}","{'value': 52, 'qualifierKey': 'EXCELLENT', 'optimalStart': 30.0, 'optimalEnd': 64.0, 'idealStartInSeconds': 8280.0, 'idealEndInSeconds': 17664.0}","{'value': 89, 'qualifierKey': 'GOOD'}","{'value': 27, 'qualifierKey': 'EXCELLENT', 'optimalStart': 21.0, 'optimalEnd': 31.0, 'idealStartInSeconds': 5796.0, 'idealEndInSeconds': 8556.0}","{'qualifierKey': 'GOOD', 'optimalStart': 0.0, 'optimalEnd': 5.0}","{'qualifierKey': 'EXCELLENT', 'optimalStart': 28200.0, 'optimalEnd': 28200.0}"
2026-07-03,"{'qualifierKey': 'FAIR', 'optimalStart': 0.0, 'optimalEnd': 15.0}","{'value': 17, 'qualifierKey': 'GOOD', 'optimalStart': 16.0, 'optimalEnd': 33.0, 'idealStartInSeconds': 3657.6, 'idealEndInSeconds': 7543.8}","{'qualifierKey': 'EXCELLENT', 'optimalStart': 0.0, 'optimalEnd': 1.0}","{'value': 63, 'qualifierKey': 'GOOD', 'optimalStart': 30.0, 'optimalEnd': 64.0, 'idealStartInSeconds': 6858.0, 'idealEndInSeconds': 14630.4}","{'value': 75, 'qualifierKey': 'FAIR'}","{'value': 20, 'qualifierKey': 'FAIR', 'optimalStart': 21.0, 'optimalEnd': 31.0, 'idealStartInSeconds': 4800.6, 'idealEndInSeconds': 7086.6}","{'qualifierKey': 'EXCELLENT', 'optimalStart': 0.0, 'optimalEnd': 5.0}","{'qualifierKey': 'FAIR', 'optimalStart': 28200.0, 'optimalEnd': 28200.0}"
2026-07-04,"{'qualifierKey': 'GOOD', 'optimalStart': 0.0, 'optimalEnd': 15.0}","{'value': 26, 'qualifierKey': 'EXCELLENT', 'optimalStart': 16.0, 'optimalEnd': 33.0, 'idealStartInSeconds': 4502.4, 'idealEndInSeconds': 9286.2}","{'qualifierKey': 'EXCELLENT', 'optimalStart': 0.0, 'optimalEnd': 1.0}","{'value': 44, 'qualifierKey': 'EXCELLENT', 'optimalStart': 30.0, 'optimalEnd': 64.0, 'idealStartInSeconds': 8442.0, 'idealEndInSeconds': 18009.6}","{'value': 94, 'qualifierKey': 'EXCELLENT'}","{'value': 30, 'qualifierKey': 'GOOD', 'optimalStart': 21.0, 'optimalEnd': 31.0, 'idealStartInSeconds': 5909.4, 'idealEndInSeconds': 8723.4}","{'qualifierKey': 'EXCELLENT', 'optimalStart': 0.0, 'optimalEnd': 5.0}","{'qualifierKey': 'EXCELLENT', 'optimalStart': 28200.0, 'optimalEnd': 28200.0}"
2026-07-05,"{'qualifierKey': 'EXCELLENT', 'optimalStart': 0.0, 'optimalEnd': 15.0}","{'value': 32, 'qualifierKey': 'EXCELLENT', 'optimalStart': 16.0, 'optimalEnd': 33.0, 'idealStartInSeconds': 4694.4, 'idealEndInSeconds': 9682.2}","{'qualifierKey': 'EXCELLENT', 'optimalStart': 0.0, 'optimalEnd': 1.0}","{'value': 43, 'qualifierKey': 'EXCELLENT', 'optimalStart': 30.0, 'optimalEnd': 64.0, 'idealStartInSeconds': 8802.0, 'idealEndInSeconds': 18777.6}","{'value': 100, 'qualifierKey': 'EXCELLENT'}","{'value': 25, 'qualifierKey': 'EXCELLENT', 'optimalStart': 21.0, 'optimalEnd': 31.0, 'idealStartInSeconds': 6161.4, 'idealEndInSeconds': 9095.4}","{'qualifierKey': 'EXCELLENT', 'optimalStart': 0.0, 'optimalEnd': 5.0}","{'qualifierKey': 'EXCELLENT', 'optimalStart': 28200.0, 'optimalEnd': 28200.0}"
2026-07-06,"{'qualifierKey': 'EXCELLENT', 'optimalStart': 0.0, 'optimalEnd': 15.0}","{'value': 31, 'qualifierKey': 'EXCELLENT', 'optimalStart': 16.0, 'optimalEnd': 33.0, 'idealStartInSeconds': 4166.4, 'idealEndInSeconds': 8593.2}","{'qualifierKey': 'EXCELLENT', 'optimalStart': 0.0, 'optimalEnd': 1.0}","{'value': 42, 'qualifierKey': 'EXCELLENT', 'optimalStart': 30.0, 'optimalEnd': 64.0, 'idealStartInSeconds': 7812.0, 'idealEndInSeconds': 16665.6}","{'value': 92, 'qualifierKey': 'EXCELLENT'}","{'value': 27, 'qualifierKey': 'EXCELLENT', 'optimalStart': 21.0, 'optimalEnd': 31.0, 'idealStartInSeconds': 5468.4, 'idealEndInSeconds': 8072.4}","{'qualifierKey': 'EXCELLENT', 'optimalStart': 0.0, 'optimalEnd': 5.0}","{'qualifierKey': 'GOOD', 'optimalStart': 28200.0, 'optimalEnd': 28200.0}"
2026-07-07,"{'qualifierKey': 'FAIR', 'optimalStart': 0.0, 'optimalEnd': 15.0}","{'value': 27, 'qualifierKey': 'EXCELLENT', 'optimalStart': 16.0, 'optimalEnd': 33.0, 'idealStartInSeconds': 3775.68, 'idealEndInSeconds': 7787.34}","{'qualifierKey': 'EXCELLENT', 'optimalStart': 0.0, 'optimalEnd': 1.0}","{'value': 52, 'qualifierKey': 'EXCELLENT', 'optimalStart': 30.0, 'optimalEnd': 64.0, 'idealStartInSeconds': 7079.4, 'idealEndInSeconds': 15102.72}","{'value': 80, 'qualifierKey': 'GOOD'}","{'value': 22, 'qualifierKey': 'GOOD', 'optimalStart': 21.0, 'optimalEnd': 31.0, 'idealStartInSeconds': 4955.58, 'idealEndInSeconds': 7315.38}","{'qualifierKey': 'EXCELLENT', 'optimalStart': 0.0, 'optimalEnd': 5.0}","{'qualifierKey': 'FAIR', 'optimalStart': 28200.0, 'optimalEnd': 28200.0}"
2026-07-08,"{'qualifierKey': 'EXCELLENT', 'optimalStart': 0.0, 'optimalEnd': 15.0}","{'value': 16, 'qualifierKey': 'GOOD', 'optimalStart': 16.0, 'optimalEnd': 33.0, 'idealStartInSeconds': 4598.4, 'idealEndInSeconds': 9484.2}","{'qualifierKey': 'GOOD', 'optimalStart': 0.0, 'optimalEnd': 1.0}","{'value': 54, 'qualifierKey': 'EXCELLENT', 'optimalStart': 30.0, 'optimalEnd': 64.0, 'idealStartInSeconds': 8622.0, 'idealEndInSeconds': 18393.6}","{'value': 93, 'qualifierKey': 'EXCELLENT'}","{'value': 29, 'qualifierKey': 'EXCELLENT', 'optimalStart': 21.0, 'optimalEnd': 31.0, 'idealStartInSeconds': 6035.4, 'idealEndInSeconds': 8909.4}","{'qualifierKey': 'GOOD', 'optimalStart': 0.0, 'optimalEnd': 5.0}","{'qualifierKey': 'EXCELLENT', 'optimalStart': 28200.0, 'optimalEnd': 28200.0}"
2026-07-09,"{'qualifierKey': 'EXCELLENT', 'optimalStart': 0.0, 'optimalEnd': 15.0}","{'value': 40, 'qualifierKey': 'EXCELLENT', 'optimalStart': 16.0, 'optimalEnd': 33.0, 'idealStartInSeconds': 3657.6, 'idealEndInSeconds': 7543.8}","{'qualifierKey': 'EXCELLENT', 'optimalStart': 0.0, 'optimalEnd': 1.0}","{'value': 36, 'qualifierKey': 'GOOD', 'optimalStart': 30.0, 'optimalEnd': 64.0, 'idealStartInSeconds': 6858.0, 'idealEndInSeconds': 14630.4}","{'value': 83, 'qualifierKey': 'GOOD'}","{'value': 24, 'qualifierKey': 'EXCELLENT', 'optimalStart': 21.0, 'optimalEnd': 31.0, 'idealStartInSeconds': 4800.6, 'idealEndInSeconds': 7086.6}","{'qualifierKey': 'EXCELLENT', 'optimalStart': 0.0, 'optimalEnd': 5.0}","{'qualifierKey': 'FAIR', 'optimalStart': 28200.0, 'optimalEnd': 28200.0}"
2026-07-10,"{'qualifierKey': 'EXCELLENT', 'optimalStart': 0.0, 'optimalEnd': 15.0}","{'value': 19, 'qualifierKey': 'EXCELLENT', 'optimalStart': 16.0, 'optimalEnd': 33.0, 'idealStartInSeconds': 4195.2, 'idealEndInSeconds': 8652.6}","{'qualifierKey': 'GOOD', 'optimalStart': 0.0, 'optimalEnd': 1.0}","{'value': 58, 'qualifierKey': 'EXCELLENT', 'optimalStart': 30.0, 'optimalEnd': 64.0, 'idealStartInSeconds': 7866.0, 'idealEndInSeconds': 16780.8}","{'value': 90, 'qualifierKey': 'EXCELLENT'}","{'value': 23, 'qualifierKey': 'EXCELLENT', 'optimalStart': 21.0, 'optimalEnd': 31.0, 'idealStartInSeconds': 5506.2, 'idealEndInSeconds': 8128.2}","{'qualifierKey': 'EXCELLENT', 'optimalStart': 0.0, 'optimalEnd': 5.0}","{'qualifierKey': 'GOOD', 'optimalStart': 28200.0, 'optimalEnd': 28200.0}"
2026-07-11,"{'qualifierKey': 'FAIR', 'optimalStart': 0.0, 'optimalEnd': 15.0}","{'value': 9, 'qualifierKey': 'FAIR', 'optimalStart': 16.0, 'optimalEnd': 33.0, 'idealStartInSeconds': 3235.2, 'idealEndInSeconds': 6672.6}","{'qualifierKey': 'EXCELLENT', 'optimalStart': 0.0, 'optimalEnd': 1.0}","{'value': 69, 'qualifierKey': 'FAIR', 'optimalStart': 30.0, 'optimalEnd': 64.0, 'idealStartInSeconds': 6066.0, 'idealEndInSeconds': 12940.8}","{'value': 68, 'qualifierKey': 'FAIR'}","{'value': 22, 'qualifierKey': 'GOOD', 'optimalStart': 21.0, 'optimalEnd': 31.0, 'idealStartInSeconds': 4246.2, 'idealEndInSeconds': 6268.2}","{'qualifierKey': 'EXCELLENT', 'optimalStart': 0.0, 'optimalEnd': 5.0}","{'qualifierKey': 'FAIR', 'optimalStart': 28200.0, 'optimalEnd': 28200.0}"
2026-07-12,"{'qualifierKey': 'FAIR', 'optimalStart': 0.0, 'optimalEnd': 15.0}","{'value': 20, 'qualifierKey': 'EXCELLENT', 'optimalStart': 16.0, 'optimalEnd': 33.0, 'idealStartInSeconds': 4473.6, 'idealEndInSeconds': 9226.8}","{'qualifierKey': 'EXCELLENT', 'optimalStart': 0.0, 'optimalEnd': 1.0}","{'value': 54, 'qualifierKey': 'EXCELLENT', 'optimalStart': 30.0, 'optimalEnd': 64.0, 'idealStartInSeconds': 8388.0, 'idealEndInSeconds': 17894.4}","{'value': 89, 'qualifierKey': 'GOOD'}","{'value': 26, 'qualifierKey': 'EXCELLENT', 'optimalStart': 21.0, 'optimalEnd': 31.0, 'idealStartInSeconds': 5871.6, 'idealEndInSeconds': 8667.6}","{'qualifierKey': 'EXCELLENT', 'optimalStart': 0.0, 'optimalEnd': 5.0}","{'qualifierKey': 'EXCELLENT', 'optimalStart': 28200.0, 'optimalEnd': 28200.0}"
2026-07-13,"{'qualifierKey': 'FAIR', 'optimalStart': 0.0, 'optimalEnd': 15.0}","{'value': 24, 'qualifierKey': 'EXCELLENT', 'optimalStart': 16.0, 'optimalEnd': 33.0, 'idealStartInSeconds': 3905.12, 'idealEndInSeconds': 8054.31}","{'qualifierKey': 'EXCELLENT', 'optimalStart': 0.0, 'optimalEnd': 1.0}","{'value': 49, 'qualifierKey': 'EXCELLENT', 'optimalStart': 30.0, 'optimalEnd': 64.0, 'idealStartInSeconds': 7322.1, 'idealEndInSeconds': 15620.48}","{'value': 81, 'qualifierKey': 'GOOD'}","{'value': 27, 'qualifierKey': 'EXCELLENT', 'optimalStart': 21.0, 'optimalEnd': 31.0, 'idealStartInSeconds': 5125.47, 'idealEndInSeconds': 7566.17}","{'qualifierKey': 'EXCELLENT', 'optimalStart': 0.0, 'optimalEnd': 5.0}","{'qualifierKey': 'FAIR', 'optimalStart': 28200.0, 'optimalEnd': 28200.0}"
2026-07-14,"{'qualifierKey': 'EXCELLENT', 'optimalStart': 0.0, 'optimalEnd': 15.0}","{'value': 29, 'qualifierKey': 'EXCELLENT', 'optimalStart': 16.0, 'optimalEnd': 33.0, 'idealStartInSeconds': 4300.8, 'idealEndInSeconds': 8870.4}","{'qualifierKey': 'EXCELLENT', 'optimalStart': 0.0, 'optimalEnd': 1.0}","{'value': 46, 'qualifierKey': 'EXCELLENT', 'optimalStart': 30.0, 'optimalEnd': 64.0, 'idealStartInSeconds': 8064.0, 'idealEndInSeconds': 17203.2}","{'value': 94, 'qualifierKey': 'EXCELLENT'}","{'value': 25, 'qualifierKey': 'EXCELLENT', 'optimalStart': 21.0, 'optimalEnd': 31.0, 'idealStartInSeconds': 5644.8, 'idealEndInSeconds': 8332.8}","{'qualifierKey': 'EXCELLENT', 'optimalStart': 0.0, 'optimalEnd': 5.0}","{'qualifierKey': 'EXCELLENT', 'optimalStart': 28200.0, 'optimalEnd': 28200.0}"
2026-07-15,"{'qualifierKey': 'EXCELLENT', 'optimalStart': 0.0, 'optimalEnd': 15.0}","{'value': 30, 'qualifierKey': 'EXCELLENT', 'optimalStart': 16.0, 'optimalEnd': 33.0, 'idealStartInSeconds': 3840.0, 'idealEndInSeconds': 7920.0}","{'qualifierKey': 'FAIR', 'optimalStart': 0.0, 'optimalEnd': 1.0}","{'value': 50, 'qualifierKey': 'EXCELLENT', 'optimalStart': 30.0, 'optimalEnd': 64.0, 'idealStartInSeconds': 7200.0, 'idealEndInSeconds': 15360.0}","{'value': 77, 'qualifierKey': 'FAIR'}","{'value': 21, 'qualifierKey': 'GOOD', 'optimalStart': 21.0, 'optimalEnd': 31.0, 'idealStartInSeconds': 5040.0, 'idealEndInSeconds': 7440.0}","{'qualifierKey': 'FAIR', 'optimalStart': 0.0, 'optimalEnd': 5.0}","{'qualifierKey': 'FAIR', 'optimalStart': 28200.0, 'optimalEnd': 28200.0}"
2026-07-16,"{'qualifierKey': 'GOOD', 'optimalStart': 0.0, 'optimalEnd': 15.0}","{'value': 24, 'qualifierKey': 'EXCELLENT', 'optimalStart': 16.0, 'optimalEnd': 33.0, 'idealStartInSeconds': 4780.8, 'idealEndInSeconds': 9860.4}","{'qualifierKey': 'GOOD', 'optimalStart': 0.0, 'optimalEnd': 1.0}","{'value': 52, 'qualifierKey': 'EXCELLENT', 'optimalStart': 30.0, 'optimalEnd': 64.0, 'idealStartInSeconds': 8964.0, 'idealEndInSeconds': 19123.2}","{'value': 93, 'qualifierKey': 'EXCELLENT'}","{'value': 23, 'qualifierKey': 'EXCELLENT', 'optimalStart': 21.0, 'optimalEnd': 31.0, 'idealStartInSeconds': 6274.8, 'idealEndInSeconds': 9262.8}","{'qualifierKey': 'GOOD', 'optimalStart': 0.0, 'optimalEnd': 5.0}","{'qualifierKey': 'EXCELLENT', 'optimalStart': 28200.0, 'optimalEnd': 28200.0}"
2026-07-17,"{'qualifierKey': 'EXCELLENT', 'optimalStart': 0.0, 'optimalEnd': 15.0}","{'value': 18, 'qualifierKey': 'EXCELLENT', 'optimalStart': 16.0, 'optimalEnd': 33.0, 'idealStartInSeconds': 4137.6, 'idealEndInSeconds': 8533.8}","{'qualifierKey': 'GOOD', 'optimalStart': 0.0, 'optimalEnd': 1.0}","{'value': 57, 'qualifierKey': 'EXCELLENT', 'optimalStart': 30.0, 'optimalEnd': 64.0, 'idealStartInSeconds': 7758.0, 'idealEndInSeconds': 16550.4}","{'value': 87, 'qualifierKey': 'GOOD'}","{'value': 24, 'qualifierKey': 'EXCELLENT', 'optimalStart': 21.0, 'optimalEnd': 31.0, 'idealStartInSeconds': 5430.6, 'idealEndInSeconds': 8016.6}","{'qualifierKey': 'GOOD', 'optimalStart': 0.0, 'optimalEnd': 5.0}","{'qualifierKey': 'GOOD', 'optimalStart': 28200.0, 'optimalEnd': 28200.0}"
2026-07-18,"{'qualifierKey': 'GOOD', 'optimalStart': 0.0, 'optimalEnd': 15.0}","{'value': 13, 'qualifierKey': 'FAIR', 'optimalStart': 16.0, 'optimalEnd': 33.0, 'idealStartInSeconds': 4329.6, 'idealEndInSeconds': 8929.8}","{'qualifierKey': 'FAIR', 'optimalStart': 0.0, 'optimalEnd': 1.0}","{'value': 58, 'qualifierKey': 'EXCELLENT', 'optimalStart': 30.0, 'optimalEnd': 64.0, 'idealStartInSeconds': 8118.0, 'idealEndInSeconds': 17318.4}","{'value': 80, 'qualifierKey': 'GOOD'}","{'value': 29, 'qualifierKey': 'EXCELLENT', 'optimalStart': 21.0, 'optimalEnd': 31.0, 'idealStartInSeconds': 5682.6, 'idealEndInSeconds': 8388.6}","{'qualifierKey': 'FAIR', 'optimalStart': 0.0, 'optimalEnd': 5.0}","{'qualifierKey': 'EXCELLENT', 'optimalStart': 28200.0, 'optimalEnd': 28200.0}"
2026-07-19,"{'qualifierKey': 'EXCELLENT', 'optimalStart': 0.0, 'optimalEnd': 15.0}","{'value': 23, 'qualifierKey': 'EXCELLENT', 'optimalStart': 16.0, 'optimalEnd': 33.0, 'idealStartInSeconds': 5193.6, 'idealEndInSeconds': 10711.8}","{'qualifierKey': 'GOOD', 'optimalStart': 0.0, 'optimalEnd': 1.0}","{'value': 54, 'qualifierKey': 'EXCELLENT', 'optimalStart': 30.0, 'optimalEnd': 64.0, 'idealStartInSeconds': 9738.0, 'idealEndInSeconds': 20774.4}","{'value': 95, 'qualifierKey': 'EXCELLENT'}","{'value': 23, 'qualifierKey': 'EXCELLENT', 'optimalStart': 21.0, 'optimalEnd': 31.0, 'idealStartInSeconds': 6816.6, 'idealEndInSeconds': 10062.6}","{'qualifierKey': 'GOOD', 'optimalStart': 0.0, 'optimalEnd': 5.0}","{'qualifierKey': 'EXCELLENT', 'optimalStart': 28200.0, 'optimalEnd': 28200.0}"
2026-07-20,"{'qualifierKey': 'EXCELLENT', 'optimalStart': 0.0, 'optimalEnd': 15.0}","{'value': 26, 'qualifierKey': 'EXCELLENT', 'optimalStart': 16.0, 'optimalEnd': 33.0, 'idealStartInSeconds': 5260.8, 'idealEndInSeconds': 10850.4}","{'qualifierKey': 'GOOD', 'optimalStart': 0.0, 'optimalEnd': 1.0}","{'value': 51, 'qualifierKey': 'EXCELLENT', 'optimalStart': 30.0, 'optimalEnd': 64.0, 'idealStartInSeconds': 9864.0, 'idealEndInSeconds': 21043.2}","{'value': 95, 'qualifierKey': 'EXCELLENT'}","{'value': 23, 'qualifierKey': 'EXCELLENT', 'optimalStart': 21.0, 'optimalEnd': 31.0, 'idealStartInSeconds': 6904.8, 'idealEndInSeconds': 10192.8}","{'qualifierKey': 'GOOD', 'optimalStart': 0.0, 'optimalEnd': 5.0}","{'qualifierKey': 'EXCELLENT', 'optimalStart': 28200.0, 'optimalEnd': 28200.0}"
2026-07-21,"{'qualifierKey': 'EXCELLENT', 'optimalStart': 0.0, 'optimalEnd': 15.0}","{'value': 20, 'qualifierKey': 'EXCELLENT', 'optimalStart': 16.0, 'optimalEnd': 33.0, 'idealStartInSeconds': 4713.6, 'idealEndInSeconds': 9721.8}","{'qualifierKey': 'EXCELLENT', 'optimalStart': 0.0, 'optimalEnd': 1.0}","{'value': 51, 'qualifierKey': 'EXCELLENT', 'optimalStart': 30.0, 'optimalEnd': 64.0, 'idealStartInSeconds': 8838.0, 'idealEndInSeconds': 18854.4}","{'value': 99, 'qualifierKey': 'EXCELLENT'}","{'value': 29, 'qualifierKey': 'EXCELLENT', 'optimalStart': 21.0, 'optimalEnd': 31.0, 'idealStartInSeconds': 6186.6, 'idealEndInSeconds': 9132.6}","{'qualifierKey': 'EXCELLENT', 'optimalStart': 0.0, 'optimalEnd': 5.0}","{'qualifierKey': 'EXCELLENT', 'optimalStart': 28200.0, 'optimalEnd': 28200.0}"
2026-07-22,"{'qualifierKey': 'EXCELLENT', 'optimalStart': 0.0, 'optimalEnd': 15.0}","{'value': 15, 'qualifierKey': 'FAIR', 'optimalStart': 16.0, 'optimalEnd': 33.0, 'idealStartInSeconds': 4915.2, 'idealEndInSeconds': 10137.6}","{'qualifierKey': 'EXCELLENT', 'optimalStart': 0.0, 'optimalEnd': 1.0}","{'value': 61, 'qualifierKey': 'GOOD', 'optimalStart': 30.0, 'optimalEnd': 64.0, 'idealStartInSeconds': 9216.0, 'idealEndInSeconds': 19660.8}","{'value': 95, 'qualifierKey': 'EXCELLENT'}","{'value': 24, 'qualifierKey': 'EXCELLENT', 'optimalStart': 21.0, 'optimalEnd': 31.0, 'idealStartInSeconds': 6451.2, 'idealEndInSeconds': 9523.2}","{'qualifierKey': 'EXCELLENT', 'optimalStart': 0.0, 'optimalEnd': 5.0}","{'qualifierKey': 'EXCELLENT', 'optimalStart': 28200.0, 'optimalEnd': 28200.0}"
2026-07-23,"{'qualifierKey': 'GOOD', 'optimalStart': 0.0, 'optimalEnd': 15.0}","{'value': 29, 'qualifierKey': 'EXCELLENT', 'optimalStart': 16.0, 'optimalEnd': 33.0, 'idealStartInSeconds': 4156.8, 'idealEndInSeconds': 8573.4}","{'qualifierKey': 'FAIR', 'optimalStart': 0.0, 'optimalEnd': 1.0}","{'value': 46, 'qualifierKey': 'EXCELLENT', 'optimalStart': 30.0, 'optimalEnd': 64.0, 'idealStartInSeconds': 7794.0, 'idealEndInSeconds': 16627.2}","{'value': 84, 'qualifierKey': 'GOOD'}","{'value': 25, 'qualifierKey': 'EXCELLENT', 'optimalStart': 21.0, 'optimalEnd': 31.0, 'idealStartInSeconds': 5455.8, 'idealEndInSeconds': 8053.8}","{'qualifierKey': 'FAIR', 'optimalStart': 0.0, 'optimalEnd': 5.0}","{'qualifierKey': 'EXCELLENT', 'optimalStart': 28200.0, 'optimalEnd': 28200.0}"
2026-07-24,"{'qualifierKey': 'EXCELLENT', 'optimalStart': 0.0, 'optimalEnd': 15.0}","{'value': 26, 'qualifierKey': 'EXCELLENT', 'optimalStart': 16.0, 'optimalEnd': 33.0, 'idealStartInSeconds': 4291.2, 'idealEndInSeconds': 8850.6}","{'qualifierKey': 'EXCELLENT', 'optimalStart': 0.0, 'optimalEnd': 1.0}","{'value': 48, 'qualifierKey': 'EXCELLENT', 'optimalStart': 30.0, 'optimalEnd': 64.0, 'idealStartInSeconds': 8046.0, 'idealEndInSeconds': 17164.8}","{'value': 99, 'qualifierKey': 'EXCELLENT'}","{'value': 26, 'qualifierKey': 'EXCELLENT', 'optimalStart': 21.0, 'optimalEnd': 31.0, 'idealStartInSeconds': 5632.2, 'idealEndInSeconds': 8314.2}","{'qualifierKey': 'EXCELLENT', 'optimalStart': 0.0, 'optimalEnd': 5.0}","{'qualifierKey': 'EXCELLENT', 'optimalStart': 28200.0, 'optimalEnd': 28200.0}"
2026-07-25,"{'qualifierKey': 'EXCELLENT', 'optimalStart': 0.0, 'optimalEnd': 15.0}","{'value': 19, 'qualifierKey': 'EXCELLENT', 'optimalStart': 16.0, 'optimalEnd': 33.0, 'idealStartInSeconds': 5107.2, 'idealEndInSeconds': 10533.6}","{'qualifierKey': 'EXCELLENT', 'optimalStart': 0.0, 'optimalEnd': 1.0}","{'value': 55, 'qualifierKey': 'EXCELLENT', 'optimalStart': 30.0, 'optimalEnd': 64.0, 'idealStartInSeconds': 9576.0, 'idealEndInSeconds': 20428.8}","{'value': 99, 'qualifierKey': 'EXCELLENT'}","{'value': 27, 'qualifierKey': 'EXCELLENT', 'optimalStart': 21.0, 'optimalEnd': 31.0, 'idealStartInSeconds': 6703.2, 'idealEndInSeconds': 9895.2}","{'qualifierKey': 'EXCELLENT', 'optimalStart': 0.0, 'optimalEnd': 5.0}","{'qualifierKey': 'EXCELLENT', 'optimalStart': 28200.0, 'optimalEnd': 28200.0}"
2026-07-26,"{'qualifierKey': 'EXCELLENT', 'optimalStart': 0.0, 'optimalEnd': 15.0}","{'value': 20, 'qualifierKey': 'EXCELLENT', 'optimalStart': 16.0, 'optimalEnd': 33.0, 'idealStartInSeconds': 4646.4, 'idealEndInSeconds': 9583.2}","{'qualifierKey': 'FAIR', 'optimalStart': 0.0, 'optimalEnd': 1.0}","{'value': 59, 'qualifierKey': 'GOOD', 'optimalStart': 30.0, 'optimalEnd': 64.0, 'idealStartInSeconds': 8712.0, 'idealEndInSeconds': 18585.6}","{'value': 91, 'qualifierKey': 'EXCELLENT'}","{'value': 21, 'qualifierKey': 'GOOD', 'optimalStart': 21.0, 'optimalEnd': 31.0, 'idealStartInSeconds': 6098.4, 'idealEndInSeconds': 9002.4}","{'qualifierKey': 'FAIR', 'optimalStart': 0.0, 'optimalEnd': 5.0}","{'qualifierKey': 'EXCELLENT', 'optimalStart': 28800.0, 'optimalEnd': 28800.0}"
2026-07-27,"{'qualifierKey': 'GOOD', 'optimalStart': 0.0, 'optimalEnd': 15.0}","{'value': 21, 'qualifierKey': 'EXCELLENT', 'optimalStart': 16.0, 'optimalEnd': 33.0, 'idealStartInSeconds': 4444.8, 'idealEndInSeconds': 9167.4}","{'qualifierKey': 'EXCELLENT', 'optimalStart': 0.0, 'optimalEnd': 1.0}","{'value': 49, 'qualifierKey': 'EXCELLENT', 'optimalStart': 30.0, 'optimalEnd': 64.0, 'idealStartInSeconds': 8334.0, 'idealEndInSeconds': 17779.2}","{'value': 95, 'qualifierKey': 'EXCELLENT'}","{'value': 30, 'qualifierKey': 'GOOD', 'optimalStart': 21.0, 'optimalEnd': 31.0, 'idealStartInSeconds': 5833.8, 'idealEndInSeconds': 8611.8}","{'qualifierKey': 'EXCELLENT', 'optimalStart': 0.0, 'optimalEnd': 5.0}","{'qualifierKey': 'EXCELLENT', 'optimalStart': 28800.0, 'optimalEnd': 28800.0}"
2026-07-28,"{'qualifierKey': 'EXCELLENT', 'optimalStart': 0.0, 'optimalEnd': 15.0}","{'value': 20, 'qualifierKey': 'EXCELLENT', 'optimalStart': 16.0, 'optimalEnd': 33.0, 'idealStartInSeconds': 4531.2, 'idealEndInSeconds': 9345.6}","{'qualifierKey': 'EXCELLENT', 'optimalStart': 0.0, 'optimalEnd': 1.0}","{'value': 51, 'qualifierKey': 'EXCELLENT', 'optimalStart': 30.0, 'optimalEnd': 64.0, 'idealStartInSeconds': 8496.0, 'idealEndInSeconds': 18124.8}","{'value': 96, 'qualifierKey': 'EXCELLENT'}","{'value': 28, 'qualifierKey': 'EXCELLENT', 'optimalStart': 21.0, 'optimalEnd': 31.0, 'idealStartInSeconds': 5947.2, 'idealEndInSeconds': 8779.2}","{'qualifierKey': 'EXCELLENT', 'optimalStart': 0.0, 'optimalEnd': 5.0}","{'qualifierKey': 'EXCELLENT', 'optimalStart': 28800.0, 'optimalEnd': 28800.0}"
2026-07-29,"{'qualifierKey': 'GOOD', 'optimalStart': 0.0, 'optimalEnd': 15.0}","{'value': 15, 'qualifierKey': 'FAIR', 'optimalStart': 16.0, 'optimalEnd': 33.0, 'idealStartInSeconds': 3888.0, 'idealEndInSeconds': 8019.0}","{'qualifierKey': 'EXCELLENT', 'optimalStart': 0.0, 'optimalEnd': 1.0}","{'value': 62, 'qualifierKey': 'GOOD', 'optimalStart': 30.0, 'optimalEnd': 64.0, 'idealStartInSeconds': 7290.0, 'idealEndInSeconds': 15552.0}","{'value': 81, 'qualifierKey': 'GOOD'}","{'value': 22, 'qualifierKey': 'GOOD', 'optimalStart': 21.0, 'optimalEnd': 31.0, 'idealStartInSeconds': 5103.0, 'idealEndInSeconds': 7533.0}","{'qualifierKey': 'EXCELLENT', 'optimalStart': 0.0, 'optimalEnd': 5.0}","{'qualifierKey': 'FAIR', 'optimalStart': 28800.0, 'optimalEnd': 28800.0}"
2026-07-30,"{'qualifierKey': 'GOOD', 'optimalStart': 0.0, 'optimalEnd': 15.0}","{'value': 21, 'qualifierKey': 'EXCELLENT', 'optimalStart': 16.0, 'optimalEnd': 33.0, 'idealStartInSeconds': 4627.2, 'idealEndInSeconds': 9543.6}","{'qualifierKey': 'GOOD', 'optimalStart': 0.0, 'optimalEnd': 1.0}","{'value': 51, 'qualifierKey': 'EXCELLENT', 'optimalStart': 30.0, 'optimalEnd': 64.0, 'idealStartInSeconds': 8676.0, 'idealEndInSeconds': 18508.8}","{'value': 93, 'qualifierKey': 'EXCELLENT'}","{'value': 27, 'qualifierKey': 'EXCELLENT', 'optimalStart': 21.0, 'optimalEnd': 31.0, 'idealStartInSeconds': 6073.2, 'idealEndInSeconds': 8965.2}","{'qualifierKey': 'GOOD', 'optimalStart': 0.0, 'optimalEnd': 5.0}","{'qualifierKey': 'EXCELLENT', 'optimalStart': 28800.0, 'optimalEnd': 28800.0}"
2026-07-31,"{'qualifierKey': 'GOOD', 'optimalStart': 0.0, 'optimalEnd': 15.0}","{'value': 32, 'qualifierKey': 'EXCELLENT', 'optimalStart': 16.0, 'optimalEnd': 33.0, 'idealStartInSeconds': 3513.6, 'idealEndInSeconds': 7246.8}","{'qualifierKey': 'EXCELLENT', 'optimalStart': 0.0, 'optimalEnd': 1.0}","{'value': 39, 'qualifierKey': 'EXCELLENT', 'optimalStart': 30.0, 'optimalEnd': 64.0, 'idealStartInSeconds': 6588.0, 'idealEndInSeconds': 14054.4}","{'value': 78, 'qualifierKey': 'FAIR'}","{'value': 29, 'qualifierKey': 'EXCELLENT', 'optimalStart': 21.0, 'optimalEnd': 31.0, 'idealStartInSeconds': 4611.6, 'idealEndInSeconds': 6807.6}","{'qualifierKey': 'EXCELLENT', 'optimalStart': 0.0, 'optimalEnd': 5.0}","{'qualifierKey': 'FAIR', 'optimalStart': 28800.0, 'optimalEnd': 28800.0}"
2026-08-01,"{'qualifierKey': 'EXCELLENT', 'optimalStart': 0.0, 'optimalEnd': 15.0}","{'value': 29, 'qualifierKey': 'EXCELLENT', 'optimalStart': 16.0, 'optimalEnd': 33.0, 'idealStartInSeconds': 4444.8, 'idealEndInSeconds': 9167.4}","{'qualifierKey': 'FAIR', 'optimalStart': 0.0, 'optimalEnd': 1.0}","{'value': 51, 'qualifierKey': 'EXCELLENT', 'optimalStart': 30.0, 'optimalEnd': 64.0, 'idealStartInSeconds': 8334.0, 'idealEndInSeconds': 17779.2}","{'value': 87, 'qualifierKey': 'GOOD'}","{'value': 20, 'qualifierKey': 'FAIR', 'optimalStart': 21.0, 'optimalEnd': 31.0, 'idealStartInSeconds': 5833.8, 'idealEndInSeconds': 8611.8}","{'qualifierKey': 'FAIR', 'optimalStart': 0.0, 'optimalEnd': 5.0}","{'qualifierKey': 'EXCELLENT', 'optimalStart': 28800.0, 'optimalEnd': 28800.0}"
2026-08-02,"{'qualifierKey': 'FAIR', 'optimalStart': 0.0, 'optimalEnd': 15.0}","{'value': 13, 'qualifierKey': 'FAIR', 'optimalStart': 16.0, 'optimalEnd': 33.0, 'idealStartInSeconds': 4425.6, 'idealEndInSeconds': 9127.8}","{'qualifierKey': 'EXCELLENT', 'optimalStart': 0.0, 'optimalEnd': 1.0}","{'value': 65, 'qualifierKey': 'FAIR', 'optimalStart': 30.0, 'optimalEnd': 64.0, 'idealStartInSeconds': 8298.0, 'idealEndInSeconds': 17702.4}","{'value': 86, 'qualifierKey': 'GOOD'}","{'value': 21, 'qualifierKey': 'GOOD', 'optimalStart': 21.0, 'optimalEnd': 31.0, 'idealStartInSeconds': 5808.6, 'idealEndInSeconds': 8574.6}","{'qualifierKey': 'EXCELLENT', 'optimalStart': 0.0, 'optimalEnd': 5.0}","{'qualifierKey': 'EXCELLENT', 'optimalStart': 28800.0, 'optimalEnd': 28800.0}"
2026-08-03,"{'qualifierKey': 'FAIR', 'optimalStart': 0.0, 'optimalEnd': 15.0}","{'value': 9, 'qualifierKey': 'FAIR', 'optimalStart': 16.0, 'optimalEnd': 33.0, 'idealStartInSeconds': 4387.2, 'idealEndInSeconds': 9048.6}","{'qualifierKey': 'EXCELLENT', 'optimalStart': 0.0, 'optimalEnd': 1.0}","{'value': 66, 'qualifierKey': 'FAIR', 'optimalStart': 30.0, 'optimalEnd': 64.0, 'idealStartInSeconds': 8226.0, 'idealEndInSeconds': 17548.8}","{'value': 85, 'qualifierKey': 'GOOD'}","{'value': 26, 'qualifierKey': 'EXCELLENT', 'optimalStart': 21.0, 'optimalEnd': 31.0, 'idealStartInSeconds': 5758.2, 'idealEndInSeconds': 8500.2}","{'qualifierKey': 'EXCELLENT', 'optimalStart': 0.0, 'optimalEnd': 5.0}","{'qualifierKey': 'EXCELLENT', 'optimalStart': 28800.0, 'optimalEnd': 28800.0}"
2026-08-04,"{'qualifierKey': 'GOOD', 'optimalStart': 0.0, 'optimalEnd': 15.0}","{'value': 29, 'qualifierKey': 'EXCELLENT', 'optimalStart': 16.0, 'optimalEnd': 33.0, 'idealStartInSeconds': 4387.2, 'idealEndInSeconds': 9048.6}","{'qualifierKey': 'GOOD', 'optimalStart': 0.0, 'optimalEnd': 1.0}","{'value': 51, 'qualifierKey': 'EXCELLENT', 'optimalStart': 30.0, 'optimalEnd': 64.0, 'idealStartInSeconds': 8226.0, 'idealEndInSeconds': 17548.8}","{'value': 88, 'qualifierKey': 'GOOD'}","{'value': 20, 'qualifierKey': 'FAIR', 'optimalStart': 21.0, 'optimalEnd': 31.0, 'idealStartInSeconds': 5758.2, 'idealEndInSeconds': 8500.2}","{'qualifierKey': 'GOOD', 'optimalStart': 0.0, 'optimalEnd': 5.0}","{'qualifierKey': 'EXCELLENT', 'optimalStart': 28800.0, 'optimalEnd': 28800.0}"
2026-08-05,"{'qualifierKey': 'FAIR', 'optimalStart': 0.0, 'optimalEnd': 15.0}","{'value': 13, 'qualifierKey': 'FAIR', 'optimalStart': 16.0, 'optimalEnd': 33.0, 'idealStartInSeconds': 4521.6, 'idealEndInSeconds': 9325.8}","{'qualifierKey': 'EXCELLENT', 'optimalStart': 0.0, 'optimalEnd': 1.0}","{'value': 64, 'qualifierKey': 'GOOD', 'optimalStart': 30.0, 'optimalEnd': 64.0, 'idealStartInSeconds': 8478.0, 'idealEndInSeconds': 18086.4}","{'value': 86, 'qualifierKey': 'GOOD'}","{'value': 23, 'qualifierKey': 'EXCELLENT', 'optimalStart': 21.0, 'optimalEnd': 31.0, 'idealStartInSeconds': 5934.6, 'idealEndInSeconds': 8760.6}","{'qualifierKey': 'EXCELLENT', 'optimalStart': 0.0, 'optimalEnd': 5.0}","{'qualifierKey': 'EXCELLENT', 'optimalStart': 28800.0, 'optimalEnd': 28800.0}"
2026-08-06,"{'qualifierKey': 'FAIR', 'optimalStart': 0.0, 'optimalEnd': 15.0}","{'value': 20, 'qualifierKey': 'EXCELLENT', 'optimalStart': 16.0, 'optimalEnd': 33.0, 'idealStartInSeconds': 4867.2, 'idealEndInSeconds': 10038.6}","{'qualifierKey': 'EXCELLENT', 'optimalStart': 0.0, 'optimalEnd': 1.0}","{'value': 60, 'qualifierKey': 'GOOD', 'optimalStart': 30.0, 'optimalEnd': 64.0, 'idealStartInSeconds': 9126.0, 'idealEndInSeconds': 19468.8}","{'value': 86, 'qualifierKey': 'GOOD'}","{'value': 21, 'qualifierKey': 'FAIR', 'optimalStart': 21.0, 'optimalEnd': 31.0, 'idealStartInSeconds': 6388.2, 'idealEndInSeconds': 9430.2}","{'qualifierKey': 'EXCELLENT', 'optimalStart': 0.0, 'optimalEnd': 5.0}","{'qualifierKey': 'EXCELLENT', 'optimalStart': 28800.0, 'optimalEnd': 28800.0}"
2026-08-07,"{'qualifierKey': 'FAIR', 'optimalStart': 0.0, 'optimalEnd': 15.0}","{'value': 11, 'qualifierKey': 'FAIR', 'optimalStart': 16.0, 'optimalEnd': 33.0, 'idealStartInSeconds': 4047.84, 'idealEndInSeconds': 8348.67}","{'qualifierKey': 'EXCELLENT', 'optimalStart': 0.0, 'optimalEnd': 1.0}","{'value': 57, 'qualifierKey': 'EXCELLENT', 'optimalStart': 30.0, 'optimalEnd': 64.0, 'idealStartInSeconds': 7589.7, 'idealEndInSeconds': 16191.36}","{'value': 77, 'qualifierKey': 'FAIR'}","{'value': 32, 'qualifierKey': 'FAIR', 'optimalStart': 21.0, 'optimalEnd': 31.0, 'idealStartInSeconds': 5312.79, 'idealEndInSeconds': 7842.69}","{'qualifierKey': 'EXCELLENT', 'optimalStart': 0.0, 'optimalEnd': 5.0}","{'qualifierKey': 'FAIR', 'optimalStart': 28800.0, 'optimalEnd': 28800.0}"
2026-08-08,"{'qualifierKey': 'FAIR', 'optimalStart': 0.0, 'optimalEnd': 15.0}","{'value': 17, 'qualifierKey': 'GOOD', 'optimalStart': 16.0, 'optimalEnd': 33.0, 'idealStartInSeconds': 4339.2, 'idealEndInSeconds': 8949.6}","{'qualifierKey': 'FAIR', 'optimalStart': 0.0, 'optimalEnd': 1.0}","{'value': 62, 'qualifierKey': 'GOOD', 'optimalStart': 30.0, 'optimalEnd': 64.0, 'idealStartInSeconds': 8136.0, 'idealEndInSeconds': 17356.8}","{'value': 77, 'qualifierKey': 'FAIR'}","{'value': 21, 'qualifierKey': 'GOOD', 'optimalStart': 21.0, 'optimalEnd': 31.0, 'idealStartInSeconds': 5695.2, 'idealEndInSeconds': 8407.2}","{'qualifierKey': 'FAIR', 'optimalStart': 0.0, 'optimalEnd': 5.0}","{'qualifierKey': 'EXCELLENT', 'optimalStart': 28800.0, 'optimalEnd': 28800.0}"
2026-08-09,"{'qualifierKey': 'POOR', 'optimalStart': 0.0, 'optimalEnd': 15.0}","{'value': 14, 'qualifierKey': 'FAIR', 'optimalStart': 16.0, 'optimalEnd': 33.0, 'idealStartInSeconds': 4848.0, 'idealEndInSeconds': 9999.0}","{'qualifierKey': 'FAIR', 'optimalStart': 0.0, 'optimalEnd': 1.0}","{'value': 65, 'qualifierKey': 'FAIR', 'optimalStart': 30.0, 'optimalEnd': 64.0, 'idealStartInSeconds': 9090.0, 'idealEndInSeconds': 19392.0}","{'value': 61, 'qualifierKey': 'FAIR'}","{'value': 21, 'qualifierKey': 'GOOD', 'optimalStart': 21.0, 'optimalEnd': 31.0, 'idealStartInSeconds': 6363.0, 'idealEndInSeconds': 9393.0}","{'qualifierKey': 'FAIR', 'optimalStart': 0.0, 'optimalEnd': 5.0}","{'qualifierKey': 'EXCELLENT', 'optimalStart': 28800.0, 'optimalEnd': 28800.0}"
2026-08-10,"{'qualifierKey': 'FAIR', 'optimalStart': 0.0, 'optimalEnd': 15.0}","{'value': 22, 'qualifierKey': 'EXCELLENT', 'optimalStart': 16.0, 'optimalEnd': 33.0, 'idealStartInSeconds': 4410.88, 'idealEndInSeconds': 9097.44}","{'qualifierKey': 'EXCELLENT', 'optimalStart': 0.0, 'optimalEnd': 1.0}","{'value': 50, 'qualifierKey': 'EXCELLENT', 'optimalStart': 30.0, 'optimalEnd': 64.0, 'idealStartInSeconds': 8270.4, 'idealEndInSeconds': 17643.52}","{'value': 88, 'qualifierKey': 'GOOD'}","{'value': 29, 'qualifierKey': 'EXCELLENT', 'optimalStart': 21.0, 'optimalEnd': 31.0, 'idealStartInSeconds': 5789.28, 'idealEndInSeconds': 8546.08}","{'qualifierKey': 'EXCELLENT', 'optimalStart': 0.0, 'optimalEnd': 5.0}","{'qualifierKey': 'EXCELLENT', 'optimalStart': 28800.0, 'optimalEnd': 28800.0}"
2026-08-11,"{'qualifierKey': 'FAIR', 'optimalStart': 0.0, 'optimalEnd': 15.0}","{'value': 25, 'qualifierKey': 'EXCELLENT', 'optimalStart': 16.0, 'optimalEnd': 33.0, 'idealStartInSeconds': 3651.84, 'idealEndInSeconds': 7531.92}","{'qualifierKey': 'EXCELLENT', 'optimalStart': 0.0, 'optimalEnd': 1.0}","{'value': 49, 'qualifierKey': 'EXCELLENT', 'optimalStart': 30.0, 'optimalEnd': 64.0, 'idealStartInSeconds': 6847.2, 'idealEndInSeconds': 14607.36}","{'value': 78, 'qualifierKey': 'FAIR'}","{'value': 25, 'qualifierKey': 'EXCELLENT', 'optimalStart': 21.0, 'optimalEnd': 31.0, 'idealStartInSeconds': 4793.04, 'idealEndInSeconds': 7075.44}","{'qualifierKey': 'EXCELLENT', 'optimalStart': 0.0, 'optimalEnd': 5.0}","{'qualifierKey': 'FAIR', 'optimalStart': 28800.0, 'optimalEnd': 28800.0}"
2026-08-12,"{'qualifierKey': 'FAIR', 'optimalStart': 0.0, 'optimalEnd': 15.0}","{'value': 14, 'qualifierKey': 'FAIR', 'optimalStart': 16.0, 'optimalEnd': 33.0, 'idealStartInSeconds': 4300.8, 'idealEndInSeconds': 8870.4}","{'qualifierKey': 'EXCELLENT', 'optimalStart': 0.0, 'optimalEnd': 1.0}","{'value': 65, 'qualifierKey': 'FAIR', 'optimalStart': 30.0, 'optimalEnd': 64.0, 'idealStartInSeconds': 8064.0, 'idealEndInSeconds': 17203.2}","{'value': 80, 'qualifierKey': 'GOOD'}","{'value': 21, 'qualifierKey': 'GOOD', 'optimalStart': 21.0, 'optimalEnd': 31.0, 'idealStartInSeconds': 5644.8, 'idealEndInSeconds': 8332.8}","{'qualifierKey': 'EXCELLENT', 'optimalStart': 0.0, 'optimalEnd': 5.0}","{'qualifierKey': 'GOOD', 'optimalStart': 28800.0, 'optimalEnd': 28800.0}"
2026-08-13,"{'qualifierKey': 'FAIR', 'optimalStart': 0.0, 'optimalEnd': 15.0}","{'value': 34, 'qualifierKey': 'EXCELLENT', 'optimalStart': 16.0, 'optimalEnd': 33.0, 'idealStartInSeconds': 3792.0, 'idealEndInSeconds': 7821.0}","{'qualifierKey': 'FAIR', 'optimalStart': 0.0, 'optimalEnd': 1.0}","{'value': 44, 'qualifierKey': 'EXCELLENT', 'optimalStart': 30.0, 'optimalEnd': 64.0, 'idealStartInSeconds': 7110.0, 'idealEndInSeconds': 15168.0}","{'value': 74, 'qualifierKey': 'FAIR'}","{'value': 22, 'qualifierKey': 'GOOD', 'optimalStart': 21.0, 'optimalEnd': 31.0, 'idealStartInSeconds': 4977.0, 'idealEndInSeconds': 7347.0}","{'qualifierKey': 'FAIR', 'optimalStart': 0.0, 'optimalEnd': 5.0}","{'qualifierKey': 'FAIR', 'optimalStart': 28800.0, 'optimalEnd': 28800.0}"
2026-08-14,"{'qualifierKey': 'EXCELLENT', 'optimalStart': 0.0, 'optimalEnd': 15.0}","{'value': 30, 'qualifierKey': 'EXCELLENT', 'optimalStart': 16.0, 'optimalEnd': 33.0, 'idealStartInSeconds': 4825.76, 'idealEndInSeconds': 9953.13}","{'qualifierKey': 'EXCELLENT', 'optimalStart': 0.0, 'optimalEnd': 1.0}","{'value': 44, 'qualifierKey': 'EXCELLENT', 'optimalStart': 30.0, 'optimalEnd': 64.0, 'idealStartInSeconds': 9048.3, 'idealEndInSeconds': 19303.04}","{'value': 99, 'qualifierKey': 'EXCELLENT'}","{'value': 26, 'qualifierKey': 'EXCELLENT', 'optimalStart': 21.0, 'optimalEnd': 31.0, 'idealStartInSeconds': 6333.81, 'idealEndInSeconds': 9349.91}","{'qualifierKey': 'EXCELLENT', 'optimalStart': 0.0, 'optimalEnd': 5.0}","{'qualifierKey': 'EXCELLENT', 'optimalStart': 28800.0, 'optimalEnd': 28800.0}"
2026-08-15,"{'qualifierKey': 'EXCELLENT', 'optimalStart': 0.0, 'optimalEnd': 15.0}","{'value': 8, 'qualifierKey': 'FAIR', 'optimalStart': 16.0, 'optimalEnd': 33.0, 'idealStartInSeconds': 4617.6, 'idealEndInSeconds': 9523.8}","{'qualifierKey': 'POOR', 'optimalStart': 0.0, 'optimalEnd': 1.0}","{'value': 67, 'qualifierKey': 'FAIR', 'optimalStart': 30.0, 'optimalEnd': 64.0, 'idealStartInSeconds': 8658.0, 'idealEndInSeconds': 18470.4}","{'value': 72, 'qualifierKey': 'FAIR'}","{'value': 25, 'qualifierKey': 'EXCELLENT', 'optimalStart': 21.0, 'optimalEnd': 31.0, 'idealStartInSeconds': 6060.6, 'idealEndInSeconds': 8946.6}","{'qualifierKey': 'POOR', 'optimalStart': 0.0, 'optimalEnd': 5.0}","{'qualifierKey': 'EXCELLENT', 'optimalStart': 28800.0, 'optimalEnd': 28800.0}"
2026-08-16,"{'qualifierKey': 'GOOD', 'optimalStart': 0.0, 'optimalEnd': 15.0}","{'value': 20, 'qualifierKey': 'EXCELLENT', 'optimalStart': 16.0, 'optimalEnd': 33.0, 'idealStartInSeconds': 4809.6, 'idealEndInSeconds': 9919.8}","{'qualifierKey': 'EXCELLENT', 'optimalStart': 0.0, 'optimalEnd': 1.0}","{'value': 57, 'qualifierKey': 'EXCELLENT', 'optimalStart': 30.0, 'optimalEnd': 64.0, 'idealStartInSeconds': 9018.0, 'idealEndInSeconds': 19238.4}","{'value': 96, 'qualifierKey': 'EXCELLENT'}","{'value': 24, 'qualifierKey': 'EXCELLENT', 'optimalStart': 21.0, 'optimalEnd': 31.0, 'idealStartInSeconds': 6312.6, 'idealEndInSeconds': 9318.6}","{'qualifierKey': 'EXCELLENT', 'optimalStart': 0.0, 'optimalEnd': 5.0}","{'qualifierKey': 'EXCELLENT', 'optimalStart': 28800.0, 'optimalEnd': 28800.0}"
2026-08-17,"{'qualifierKey': 'FAIR', 'optimalStart': 0.0, 'optimalEnd': 15.0}","{'value': 25, 'qualifierKey': 'EXCELLENT', 'optimalStart': 16.0, 'optimalEnd': 33.0, 'idealStartInSeconds': 4387.2, 'idealEndInSeconds': 9048.6}","{'qualifierKey': 'EXCELLENT', 'optimalStart': 0.0, 'optimalEnd': 1.0}","{'value': 51, 'qualifierKey': 'EXCELLENT', 'optimalStart': 30.0, 'optimalEnd': 64.0, 'idealStartInSeconds': 8226.0, 'idealEndInSeconds': 17548.8}","{'value': 90, 'qualifierKey': 'EXCELLENT'}","{'value': 24, 'qualifierKey': 'EXCELLENT', 'optimalStart': 21.0, 'optimalEnd': 31.0, 'idealStartInSeconds': 5758.2, 'idealEndInSeconds': 8500.2}","{'qualifierKey': 'EXCELLENT', 'optimalStart': 0.0, 'optimalEnd': 5.0}","{'qualifierKey': 'EXCELLENT', 'optimalStart': 28800.0, 'optimalEnd': 28800.0}"
2026-08-18,"{'qualifierKey': 'FAIR', 'optimalStart': 0.0, 'optimalEnd': 15.0}","{'value': 29, 'qualifierKey': 'EXCELLENT', 'optimalStart': 16.0, 'optimalEnd': 33.0, 'idealStartInSeconds': 4492.16, 'idealEndInSeconds': 9265.08}","{'qualifierKey': 'EXCELLENT', 'optimalStart': 0.0, 'optimalEnd': 1.0}","{'value': 50, 'qualifierKey': 'EXCELLENT', 'optimalStart': 30.0, 'optimalEnd': 64.0, 'idealStartInSeconds': 8422.8, 'idealEndInSeconds': 17968.64}","{'value': 89, 'qualifierKey': 'GOOD'}","{'value': 21, 'qualifierKey': 'GOOD', 'optimalStart': 21.0, 'optimalEnd': 31.0, 'idealStartInSeconds': 5895.96, 'idealEndInSeconds': 8703.56}","{'qualifierKey': 'EXCELLENT', 'optimalStart': 0.0, 'optimalEnd': 5.0}","{'qualifierKey': 'EXCELLENT', 'optimalStart': 28800.0, 'optimalEnd': 28800.0}"
2026-08-19,"{'qualifierKey': 'GOOD', 'optimalStart': 0.0, 'optimalEnd': 15.0}","{'value': 26, 'qualifierKey': 'EXCELLENT', 'optimalStart': 16.0, 'optimalEnd': 33.0, 'idealStartInSeconds': 4041.6, 'idealEndInSeconds': 8335.8}","{'qualifierKey': 'EXCELLENT', 'optimalStart': 0.0, 'optimalEnd': 1.0}","{'value': 52, 'qualifierKey': 'EXCELLENT', 'optimalStart': 30.0, 'optimalEnd': 64.0, 'idealStartInSeconds': 7578.0, 'idealEndInSeconds': 16166.4}","{'value': 87, 'qualifierKey': 'GOOD'}","{'value': 22, 'qualifierKey': 'GOOD', 'optimalStart': 21.0, 'optimalEnd': 31.0, 'idealStartInSeconds': 5304.6, 'idealEndInSeconds': 7830.6}","{'qualifierKey': 'EXCELLENT', 'optimalStart': 0.0, 'optimalEnd': 5.0}","{'qualifierKey': 'GOOD', 'optimalStart': 28800.0, 'optimalEnd': 28800.0}"
2026-08-20,"{'qualifierKey': 'FAIR', 'optimalStart': 0.0, 'optimalEnd': 15.0}","{'value': 15, 'qualifierKey': 'FAIR', 'optimalStart': 16.0, 'optimalEnd': 33.0, 'idealStartInSeconds': 5116.8, 'idealEndInSeconds': 10553.4}","{'qualifierKey': 'EXCELLENT', 'optimalStart': 0.0, 'optimalEnd': 1.0}","{'value': 56, 'qualifierKey': 'EXCELLENT', 'optimalStart': 30.0, 'optimalEnd': 64.0, 'idealStartInSeconds': 9594.0, 'idealEndInSeconds': 20467.2}","{'value': 85, 'qualifierKey': 'GOOD'}","{'value': 29, 'qualifierKey': 'EXCELLENT', 'optimalStart': 21.0, 'optimalEnd': 31.0, 'idealStartInSeconds': 6715.8, 'idealEndInSeconds': 9913.8}","{'qualifierKey': 'EXCELLENT', 'optimalStart': 0.0, 'optimalEnd': 5.0}","{'qualifierKey': 'EXCELLENT', 'optimalStart': 28800.0, 'optimalEnd': 28800.0}"
2026-08-21,"{'qualifierKey': 'FAIR', 'optimalStart': 0.0, 'optimalEnd': 15.0}","{'value': 22, 'qualifierKey': 'EXCELLENT', 'optimalStart': 16.0, 'optimalEnd': 33.0, 'idealStartInSeconds': 4454.4, 'idealEndInSeconds': 9187.2}","{'qualifierKey': 'EXCELLENT', 'optimalStart': 0.0, 'optimalEnd': 1.0}","{'value': 58, 'qualifierKey': 'EXCELLENT', 'optimalStart': 30.0, 'optimalEnd': 64.0, 'idealStartInSeconds': 8352.0, 'idealEndInSeconds': 17817.6}","{'value': 84, 'qualifierKey': 'GOOD'}","{'value': 20, 'qualifierKey': 'FAIR', 'optimalStart': 21.0, 'optimalEnd': 31.0, 'idealStartInSeconds': 5846.4, 'idealEndInSeconds': 8630.4}","{'qualifierKey': 'EXCELLENT', 'optimalStart': 0.0, 'optimalEnd': 5.0}","{'qualifierKey': 'EXCELLENT', 'optimalStart': 28800.0, 'optimalEnd': 28800.0}"
2026-08-22,"{'qualifierKey': 'FAIR', 'optimalStart': 0.0, 'optimalEnd': 15.0}","{'value': 12, 'qualifierKey': 'FAIR', 'optimalStart': 16.0, 'optimalEnd': 33.0, 'idealStartInSeconds': 3974.4, 'idealEndInSeconds': 8197.2}","{'qualifierKey': 'EXCELLENT', 'optimalStart': 0.0, 'optimalEnd': 1.0}","{'value': 56, 'qualifierKey': 'EXCELLENT', 'optimalStart': 30.0, 'optimalEnd': 64.0, 'idealStartInSeconds': 7452.0, 'idealEndInSeconds': 15897.6}","{'value': 81, 'qualifierKey': 'GOOD'}","{'value': 32, 'qualifierKey': 'FAIR', 'optimalStart': 21.0, 'optimalEnd': 31.0, 'idealStartInSeconds': 5216.4, 'idealEndInSeconds': 7700.4}","{'qualifierKey': 'EXCELLENT', 'optimalStart': 0.0, 'optimalEnd': 5.0}","{'qualifierKey': 'GOOD', 'optimalStart': 28800.0, 'optimalEnd': 28800.0}"
